0 verbose cli F:\Node js\node.exe C:\Users\prane\AppData\Roaming\npm\node_modules\npm\bin\npm-cli.js
1 info using npm@11.14.1
2 info using node@v20.19.4
3 silly config load:file:C:\Users\prane\AppData\Roaming\npm\node_modules\npm\npmrc
4 silly config load:file:D:\BPA-main\.npmrc
5 silly config load:file:C:\Users\prane\.npmrc
6 silly config load:file:C:\Users\prane\AppData\Roaming\npm\etc\npmrc
7 verbose title npm install
8 verbose argv "install" "--cache" "./npm-cache"
9 verbose logfile logs-max:10 dir:D:\BPA-main\npm-cache\_logs\2026-08-05T06_07_21_746Z-
10 verbose logfile D:\BPA-main\npm-cache\_logs\2026-08-05T06_07_21_746Z-debug-0.log
11 silly logfile done cleaning log files
12 silly packumentCache heap:2197815296 maxSize:549453824 maxEntrySize:274726912
13 silly idealTree buildDeps
14 silly fetch manifest typescript@^4.9.4 || ^5.0.2
15 silly packumentCache full:https://registry.npmjs.org/typescript cache-miss
16 http fetch GET 200 https://registry.npmjs.org/npm 3057ms
17 http fetch GET 200 https://registry.npmjs.org/typescript 8204ms (cache miss)
18 silly packumentCache full:https://registry.npmjs.org/typescript set size:undefined disposed:false
19 silly placeDep ROOT typescript@5.9.3 OK for: zod-to-ts@1.2.0 want: ^4.9.4 || ^5.0.2
20 silly reify moves {}
21 silly audit bulk request {
21 silly audit   '@alloc/quick-lru': [ '5.2.0' ],
21 silly audit   '@astrojs/compiler': [ '2.13.1' ],
21 silly audit   '@astrojs/internal-helpers': [ '0.7.6' ],
21 silly audit   '@astrojs/markdown-remark': [ '6.3.11' ],
21 silly audit   '@astrojs/prism': [ '3.3.0' ],
21 silly audit   '@astrojs/react': [ '4.4.2' ],
21 silly audit   '@astrojs/tailwind': [ '5.1.5' ],
21 silly audit   '@astrojs/telemetry': [ '3.3.0' ],
21 silly audit   '@babel/code-frame': [ '7.29.0' ],
21 silly audit   '@babel/compat-data': [ '7.29.0' ],
21 silly audit   '@babel/core': [ '7.29.0' ],
21 silly audit   '@babel/generator': [ '7.29.1' ],
21 silly audit   '@babel/helper-compilation-targets': [ '7.28.6' ],
21 silly audit   '@babel/helper-globals': [ '7.28.0' ],
21 silly audit   '@babel/helper-module-imports': [ '7.28.6' ],
21 silly audit   '@babel/helper-module-transforms': [ '7.28.6' ],
21 silly audit   '@babel/helper-plugin-utils': [ '7.28.6' ],
21 silly audit   '@babel/helper-string-parser': [ '7.27.1' ],
21 silly audit   '@babel/helper-validator-identifier': [ '7.28.5' ],
21 silly audit   '@babel/helper-validator-option': [ '7.27.1' ],
21 silly audit   '@babel/helpers': [ '7.29.2' ],
21 silly audit   '@babel/parser': [ '7.29.2' ],
21 silly audit   '@babel/plugin-transform-react-jsx-self': [ '7.27.1' ],
21 silly audit   '@babel/plugin-transform-react-jsx-source': [ '7.27.1' ],
21 silly audit   '@babel/runtime': [ '7.29.2' ],
21 silly audit   '@babel/template': [ '7.28.6' ],
21 silly audit   '@babel/traverse': [ '7.29.0' ],
21 silly audit   '@babel/types': [ '7.29.0' ],
21 silly audit   '@capsizecss/unpack': [ '4.0.0' ],
21 silly audit   '@emnapi/runtime': [ '1.9.1' ],
21 silly audit   '@esbuild/aix-ppc64': [ '0.27.5', '0.25.12' ],
21 silly audit   '@esbuild/android-arm': [ '0.27.5', '0.25.12' ],
21 silly audit   '@esbuild/android-arm64': [ '0.27.5', '0.25.12' ],
21 silly audit   '@esbuild/android-x64': [ '0.27.5', '0.25.12' ],
21 silly audit   '@esbuild/darwin-arm64': [ '0.27.5', '0.25.12' ],
21 silly audit   '@esbuild/darwin-x64': [ '0.27.5', '0.25.12' ],
21 silly audit   '@esbuild/freebsd-arm64': [ '0.27.5', '0.25.12' ],
21 silly audit   '@esbuild/freebsd-x64': [ '0.27.5', '0.25.12' ],
21 silly audit   '@esbuild/linux-arm': [ '0.27.5', '0.25.12' ],
21 silly audit   '@esbuild/linux-arm64': [ '0.27.5', '0.25.12' ],
21 silly audit   '@esbuild/linux-ia32': [ '0.27.5', '0.25.12' ],
21 silly audit   '@esbuild/linux-loong64': [ '0.27.5', '0.25.12' ],
21 silly audit   '@esbuild/linux-mips64el': [ '0.27.5', '0.25.12' ],
21 silly audit   '@esbuild/linux-ppc64': [ '0.27.5', '0.25.12' ],
21 silly audit   '@esbuild/linux-riscv64': [ '0.27.5', '0.25.12' ],
21 silly audit   '@esbuild/linux-s390x': [ '0.27.5', '0.25.12' ],
21 silly audit   '@esbuild/linux-x64': [ '0.27.5', '0.25.12' ],
21 silly audit   '@esbuild/netbsd-arm64': [ '0.27.5', '0.25.12' ],
21 silly audit   '@esbuild/netbsd-x64': [ '0.27.5', '0.25.12' ],
21 silly audit   '@esbuild/openbsd-arm64': [ '0.27.5', '0.25.12' ],
21 silly audit   '@esbuild/openbsd-x64': [ '0.27.5', '0.25.12' ],
21 silly audit   '@esbuild/openharmony-arm64': [ '0.27.5', '0.25.12' ],
21 silly audit   '@esbuild/sunos-x64': [ '0.27.5', '0.25.12' ],
21 silly audit   '@esbuild/win32-arm64': [ '0.27.5', '0.25.12' ],
21 silly audit   '@esbuild/win32-ia32': [ '0.27.5', '0.25.12' ],
21 silly audit   '@esbuild/win32-x64': [ '0.27.5', '0.25.12' ],
21 silly audit   '@img/colour': [ '1.1.0' ],
21 silly audit   '@img/sharp-darwin-arm64': [ '0.34.5' ],
21 silly audit   '@img/sharp-darwin-x64': [ '0.34.5' ],
21 silly audit   '@img/sharp-libvips-darwin-arm64': [ '1.2.4' ],
21 silly audit   '@img/sharp-libvips-darwin-x64': [ '1.2.4' ],
21 silly audit   '@img/sharp-libvips-linux-arm': [ '1.2.4' ],
21 silly audit   '@img/sharp-libvips-linux-arm64': [ '1.2.4' ],
21 silly audit   '@img/sharp-libvips-linux-ppc64': [ '1.2.4' ],
21 silly audit   '@img/sharp-libvips-linux-riscv64': [ '1.2.4' ],
21 silly audit   '@img/sharp-libvips-linux-s390x': [ '1.2.4' ],
21 silly audit   '@img/sharp-libvips-linux-x64': [ '1.2.4' ],
21 silly audit   '@img/sharp-libvips-linuxmusl-arm64': [ '1.2.4' ],
21 silly audit   '@img/sharp-libvips-linuxmusl-x64': [ '1.2.4' ],
21 silly audit   '@img/sharp-linux-arm': [ '0.34.5' ],
21 silly audit   '@img/sharp-linux-arm64': [ '0.34.5' ],
21 silly audit   '@img/sharp-linux-ppc64': [ '0.34.5' ],
21 silly audit   '@img/sharp-linux-riscv64': [ '0.34.5' ],
21 silly audit   '@img/sharp-linux-s390x': [ '0.34.5' ],
21 silly audit   '@img/sharp-linux-x64': [ '0.34.5' ],
21 silly audit   '@img/sharp-linuxmusl-arm64': [ '0.34.5' ],
21 silly audit   '@img/sharp-linuxmusl-x64': [ '0.34.5' ],
21 silly audit   '@img/sharp-wasm32': [ '0.34.5' ],
21 silly audit   '@img/sharp-win32-arm64': [ '0.34.5' ],
21 silly audit   '@img/sharp-win32-ia32': [ '0.34.5' ],
21 silly audit   '@img/sharp-win32-x64': [ '0.34.5' ],
21 silly audit   '@jridgewell/gen-mapping': [ '0.3.13' ],
21 silly audit   '@jridgewell/remapping': [ '2.3.5' ],
21 silly audit   '@jridgewell/resolve-uri': [ '3.1.2' ],
21 silly audit   '@jridgewell/sourcemap-codec': [ '1.5.5' ],
21 silly audit   '@jridgewell/trace-mapping': [ '0.3.31' ],
21 silly audit   '@nanostores/react': [ '1.1.0' ],
21 silly audit   '@nodelib/fs.scandir': [ '2.1.5' ],
21 silly audit   '@nodelib/fs.stat': [ '2.0.5' ],
21 silly audit   '@nodelib/fs.walk': [ '1.2.8' ],
21 silly audit   '@oslojs/encoding': [ '1.1.0' ],
21 silly audit   '@reactflow/background': [ '11.3.14' ],
21 silly audit   '@reactflow/controls': [ '11.2.14' ],
21 silly audit   '@reactflow/core': [ '11.11.4' ],
21 silly audit   '@reactflow/minimap': [ '11.7.14' ],
21 silly audit   '@reactflow/node-resizer': [ '2.2.14' ],
21 silly audit   '@reactflow/node-toolbar': [ '1.3.14' ],
21 silly audit   '@rolldown/pluginutils': [ '1.0.0-beta.27' ],
21 silly audit   '@rollup/pluginutils': [ '5.3.0' ],
21 silly audit   '@rollup/rollup-android-arm-eabi': [ '4.60.1' ],
21 silly audit   '@rollup/rollup-android-arm64': [ '4.60.1' ],
21 silly audit   '@rollup/rollup-darwin-arm64': [ '4.60.1' ],
21 silly audit   '@rollup/rollup-darwin-x64': [ '4.60.1' ],
21 silly audit   '@rollup/rollup-freebsd-arm64': [ '4.60.1' ],
21 silly audit   '@rollup/rollup-freebsd-x64': [ '4.60.1' ],
21 silly audit   '@rollup/rollup-linux-arm-gnueabihf': [ '4.60.1' ],
21 silly audit   '@rollup/rollup-linux-arm-musleabihf': [ '4.60.1' ],
21 silly audit   '@rollup/rollup-linux-arm64-gnu': [ '4.60.1' ],
21 silly audit   '@rollup/rollup-linux-arm64-musl': [ '4.60.1' ],
21 silly audit   '@rollup/rollup-linux-loong64-gnu': [ '4.60.1' ],
21 silly audit   '@rollup/rollup-linux-loong64-musl': [ '4.60.1' ],
21 silly audit   '@rollup/rollup-linux-ppc64-gnu': [ '4.60.1' ],
21 silly audit   '@rollup/rollup-linux-ppc64-musl': [ '4.60.1' ],
21 silly audit   '@rollup/rollup-linux-riscv64-gnu': [ '4.60.1' ],
21 silly audit   '@rollup/rollup-linux-riscv64-musl': [ '4.60.1' ],
21 silly audit   '@rollup/rollup-linux-s390x-gnu': [ '4.60.1' ],
21 silly audit   '@rollup/rollup-linux-x64-gnu': [ '4.60.1' ],
21 silly audit   '@rollup/rollup-linux-x64-musl': [ '4.60.1' ],
21 silly audit   '@rollup/rollup-openbsd-x64': [ '4.60.1' ],
21 silly audit   '@rollup/rollup-openharmony-arm64': [ '4.60.1' ],
21 silly audit   '@rollup/rollup-win32-arm64-msvc': [ '4.60.1' ],
21 silly audit   '@rollup/rollup-win32-ia32-msvc': [ '4.60.1' ],
21 silly audit   '@rollup/rollup-win32-x64-gnu': [ '4.60.1' ],
21 silly audit   '@rollup/rollup-win32-x64-msvc': [ '4.60.1' ],
21 silly audit   '@shikijs/core': [ '3.23.0' ],
21 silly audit   '@shikijs/engine-javascript': [ '3.23.0' ],
21 silly audit   '@shikijs/engine-oniguruma': [ '3.23.0' ],
21 silly audit   '@shikijs/langs': [ '3.23.0' ],
21 silly audit   '@shikijs/themes': [ '3.23.0' ],
21 silly audit   '@shikijs/types': [ '3.23.0' ],
21 silly audit   '@shikijs/vscode-textmate': [ '10.0.2' ],
21 silly audit   '@types/babel__core': [ '7.20.5' ],
21 silly audit   '@types/babel__generator': [ '7.27.0' ],
21 silly audit   '@types/babel__template': [ '7.4.4' ],
21 silly audit   '@types/babel__traverse': [ '7.28.0' ],
21 silly audit   '@types/d3': [ '7.4.3' ],
21 silly audit   '@types/d3-array': [ '3.2.2' ],
21 silly audit   '@types/d3-axis': [ '3.0.6' ],
21 silly audit   '@types/d3-brush': [ '3.0.6' ],
21 silly audit   '@types/d3-chord': [ '3.0.6' ],
21 silly audit   '@types/d3-color': [ '3.1.3' ],
21 silly audit   '@types/d3-contour': [ '3.0.6' ],
21 silly audit   '@types/d3-delaunay': [ '6.0.4' ],
21 silly audit   '@types/d3-dispatch': [ '3.0.7' ],
21 silly audit   '@types/d3-drag': [ '3.0.7' ],
21 silly audit   '@types/d3-dsv': [ '3.0.7' ],
21 silly audit   '@types/d3-ease': [ '3.0.2' ],
21 silly audit   '@types/d3-fetch': [ '3.0.7' ],
21 silly audit   '@types/d3-force': [ '3.0.10' ],
21 silly audit   '@types/d3-format': [ '3.0.4' ],
21 silly audit   '@types/d3-geo': [ '3.1.0' ],
21 silly audit   '@types/d3-hierarchy': [ '3.1.7' ],
21 silly audit   '@types/d3-interpolate': [ '3.0.4' ],
21 silly audit   '@types/d3-path': [ '3.1.1' ],
21 silly audit   '@types/d3-polygon': [ '3.0.2' ],
21 silly audit   '@types/d3-quadtree': [ '3.0.6' ],
21 silly audit   '@types/d3-random': [ '3.0.3' ],
21 silly audit   '@types/d3-scale': [ '4.0.9' ],
21 silly audit   '@types/d3-scale-chromatic': [ '3.1.0' ],
21 silly audit   '@types/d3-selection': [ '3.0.11' ],
21 silly audit   '@types/d3-shape': [ '3.1.8' ],
21 silly audit   '@types/d3-time': [ '3.0.4' ],
21 silly audit   '@types/d3-time-format': [ '4.0.3' ],
21 silly audit   '@types/d3-timer': [ '3.0.2' ],
21 silly audit   '@types/d3-transition': [ '3.0.9' ],
21 silly audit   '@types/d3-zoom': [ '3.0.8' ],
21 silly audit   '@types/debug': [ '4.1.13' ],
21 silly audit   '@types/estree': [ '1.0.8' ],
21 silly audit   '@types/geojson': [ '7946.0.16' ],
21 silly audit   '@types/hast': [ '3.0.4' ],
21 silly audit   '@types/mdast': [ '4.0.4' ],
21 silly audit   '@types/ms': [ '2.1.0' ],
21 silly audit   '@types/nlcst': [ '2.0.3' ],
21 silly audit   '@types/prop-types': [ '15.7.15' ],
21 silly audit   '@types/react': [ '18.3.28' ],
21 silly audit   '@types/react-dom': [ '18.3.7' ],
21 silly audit   '@types/unist': [ '3.0.3' ],
21 silly audit   '@ungap/structured-clone': [ '1.3.0' ],
21 silly audit   '@vitejs/plugin-react': [ '4.7.0' ],
21 silly audit   acorn: [ '8.16.0' ],
21 silly audit   'ansi-align': [ '3.0.1' ],
21 silly audit   'ansi-regex': [ '5.0.1', '6.2.2' ],
21 silly audit   'emoji-regex': [ '8.0.0', '10.6.0' ],
21 silly audit   'string-width': [ '4.2.3', '7.2.0' ],
21 silly audit   'strip-ansi': [ '6.0.1', '7.2.0' ],
21 silly audit   'ansi-styles': [ '6.2.3' ],
21 silly audit   'any-promise': [ '1.3.0' ],
21 silly audit   anymatch: [ '3.1.3' ],
21 silly audit   picomatch: [ '2.3.2', '4.0.4' ],
21 silly audit   arg: [ '5.0.2' ],
21 silly audit   argparse: [ '2.0.1' ],
21 silly audit   'aria-query': [ '5.3.2' ],
21 silly audit   'array-iterate': [ '2.0.1' ],
21 silly audit   astro: [ '5.18.1' ],
21 silly audit   'estree-walker': [ '3.0.3', '2.0.2' ],
21 silly audit   semver: [ '7.7.4', '6.3.1' ],
21 silly audit   autoprefixer: [ '10.4.27' ],
21 silly audit   'axobject-query': [ '4.1.0' ],
21 silly audit   bail: [ '2.0.2' ],
21 silly audit   'base-64': [ '1.0.0' ],
21 silly audit   'baseline-browser-mapping': [ '2.10.13' ],
21 silly audit   'binary-extensions': [ '2.3.0' ],
21 silly audit   boolbase: [ '1.0.0' ],
21 silly audit   boxen: [ '8.0.1' ],
21 silly audit   braces: [ '3.0.3' ],
21 silly audit   browserslist: [ '4.28.2' ],
21 silly audit   camelcase: [ '8.0.0' ],
21 silly audit   'camelcase-css': [ '2.0.1' ],
21 silly audit   'caniuse-lite': [ '1.0.30001784' ],
21 silly audit   ccount: [ '2.0.1' ],
21 silly audit   chalk: [ '5.6.2' ],
21 silly audit   'character-entities': [ '2.0.2' ],
21 silly audit   'character-entities-html4': [ '2.1.0' ],
21 silly audit   'character-entities-legacy': [ '3.0.0' ],
21 silly audit   chokidar: [ '5.0.0', '3.6.0' ],
21 silly audit   'ci-info': [ '4.4.0' ],
21 silly audit   classcat: [ '5.0.5' ],
21 silly audit   'cli-boxes': [ '3.0.0' ],
21 silly audit   clsx: [ '2.1.1' ],
21 silly audit   'comma-separated-tokens': [ '2.0.3' ],
21 silly audit   commander: [ '11.1.0', '4.1.1' ],
21 silly audit   'common-ancestor-path': [ '1.0.1' ],
21 silly audit   'convert-source-map': [ '2.0.0' ],
21 silly audit   cookie: [ '1.1.1' ],
21 silly audit   'cookie-es': [ '1.2.3' ],
21 silly audit   crossws: [ '0.3.5' ],
21 silly audit   'css-select': [ '5.2.2' ],
21 silly audit   'css-tree': [ '3.2.1', '2.2.1' ],
21 silly audit   'css-what': [ '6.2.2' ],
21 silly audit   cssesc: [ '3.0.0' ],
21 silly audit   csso: [ '5.0.5' ],
21 silly audit   'mdn-data': [ '2.0.28', '2.27.1' ],
21 silly audit   csstype: [ '3.2.3' ],
21 silly audit   'd3-array': [ '3.2.4' ],
21 silly audit   'd3-color': [ '3.1.0' ],
21 silly audit   'd3-dispatch': [ '3.0.1' ],
21 silly audit   'd3-drag': [ '3.0.0' ],
21 silly audit   'd3-ease': [ '3.0.1' ],
21 silly audit   'd3-format': [ '3.1.2' ],
21 silly audit   'd3-interpolate': [ '3.0.1' ],
21 silly audit   'd3-path': [ '3.1.0' ],
21 silly audit   'd3-scale': [ '4.0.2' ],
21 silly audit   'd3-selection': [ '3.0.0' ],
21 silly audit   'd3-shape': [ '3.2.0' ],
21 silly audit   'd3-time': [ '3.1.0' ],
21 silly audit   'd3-time-format': [ '4.1.0' ],
21 silly audit   'd3-timer': [ '3.0.1' ],
21 silly audit   'd3-transition': [ '3.0.1' ],
21 silly audit   'd3-zoom': [ '3.0.0' ],
21 silly audit   debug: [ '4.4.3' ],
21 silly audit   'decimal.js-light': [ '2.5.1' ],
21 silly audit   'decode-named-character-reference': [ '1.3.0' ],
21 silly audit   defu: [ '6.1.6' ],
21 silly audit   dequal: [ '2.0.3' ],
21 silly audit   destr: [ '2.0.5' ],
21 silly audit   'detect-libc': [ '2.1.2' ],
21 silly audit   'deterministic-object-hash': [ '2.0.2' ],
21 silly audit   devalue: [ '5.6.4' ],
21 silly audit   devlop: [ '1.1.0' ],
21 silly audit   didyoumean: [ '1.2.2' ],
21 silly audit   diff: [ '8.0.4' ],
21 silly audit   dlv: [ '1.1.3' ],
21 silly audit   'dom-helpers': [ '5.2.1' ],
21 silly audit   'dom-serializer': [ '2.0.0' ],
21 silly audit   entities: [ '4.5.0', '6.0.1' ],
21 silly audit   domelementtype: [ '2.3.0' ],
21 silly audit   domhandler: [ '5.0.3' ],
21 silly audit   domutils: [ '3.2.2' ],
21 silly audit   dset: [ '3.1.4' ],
21 silly audit   'electron-to-chromium': [ '1.5.331' ],
21 silly audit   'es-module-lexer': [ '1.7.0' ],
21 silly audit   esbuild: [ '0.27.5', '0.25.12' ],
21 silly audit   escalade: [ '3.2.0' ],
21 silly audit   'escape-string-regexp': [ '5.0.0' ],
21 silly audit   eventemitter3: [ '5.0.4', '4.0.7' ],
21 silly audit   extend: [ '3.0.2' ],
21 silly audit   'fast-equals': [ '5.4.0' ],
21 silly audit   'fast-glob': [ '3.3.3' ],
21 silly audit   'glob-parent': [ '5.1.2', '6.0.2' ],
21 silly audit   fastq: [ '1.20.1' ],
21 silly audit   fdir: [ '6.5.0' ],
21 silly audit   'fill-range': [ '7.1.1' ],
21 silly audit   flattie: [ '1.1.1' ],
21 silly audit   fontace: [ '0.4.1' ],
21 silly audit   fontkitten: [ '1.0.3' ],
21 silly audit   'fraction.js': [ '5.3.4' ],
21 silly audit   'framer-motion': [ '12.38.0' ],
21 silly audit   fsevents: [ '2.3.3' ],
21 silly audit   'function-bind': [ '1.1.2' ],
21 silly audit   gensync: [ '1.0.0-beta.2' ],
21 silly audit   'get-east-asian-width': [ '1.5.0' ],
21 silly audit   'github-slugger': [ '2.0.0' ],
21 silly audit   h3: [ '1.15.11' ],
21 silly audit   hasown: [ '2.0.2' ],
21 silly audit   'hast-util-from-html': [ '2.0.3' ],
21 silly audit   'hast-util-from-parse5': [ '8.0.3' ],
21 silly audit   'hast-util-is-element': [ '3.0.0' ],
21 silly audit   'hast-util-parse-selector': [ '4.0.0' ],
21 silly audit   'hast-util-raw': [ '9.1.0' ],
21 silly audit   'hast-util-to-html': [ '9.0.5' ],
21 silly audit   'hast-util-to-parse5': [ '8.0.1' ],
21 silly audit   'hast-util-to-text': [ '4.0.2' ],
21 silly audit   'hast-util-whitespace': [ '3.0.0' ],
21 silly audit   hastscript: [ '9.0.1' ],
21 silly audit   'html-escaper': [ '3.0.3' ],
21 silly audit   'html-void-elements': [ '3.0.0' ],
21 silly audit   'http-cache-semantics': [ '4.2.0' ],
21 silly audit   'import-meta-resolve': [ '4.2.0' ],
21 silly audit   internmap: [ '2.0.3' ],
21 silly audit   'iron-webcrypto': [ '1.2.1' ],
21 silly audit   'is-binary-path': [ '2.1.0' ],
21 silly audit   'is-core-module': [ '2.16.1' ],
21 silly audit   'is-docker': [ '3.0.0' ],
21 silly audit   'is-extglob': [ '2.1.1' ],
21 silly audit   'is-fullwidth-code-point': [ '3.0.0' ],
21 silly audit   'is-glob': [ '4.0.3' ],
21 silly audit   'is-inside-container': [ '1.0.0' ],
21 silly audit   'is-number': [ '7.0.0' ],
21 silly audit   'is-plain-obj': [ '4.1.0' ],
21 silly audit   'is-wsl': [ '3.1.1' ],
21 silly audit   'js-tokens': [ '4.0.0' ],
21 silly audit   'js-yaml': [ '4.1.1' ],
21 silly audit   jsesc: [ '3.1.0' ],
21 silly audit   json5: [ '2.2.3' ],
21 silly audit   lilconfig: [ '3.1.3' ],
21 silly audit   'lines-and-columns': [ '1.2.4' ],
21 silly audit   lodash: [ '4.18.1' ],
21 silly audit   'longest-streak': [ '3.1.0' ],
21 silly audit   'loose-envify': [ '1.4.0' ],
21 silly audit   'lru-cache': [ '5.1.1', '11.2.7' ],
21 silly audit   'lucide-react': [ '0.471.2' ],
21 silly audit   'magic-string': [ '0.30.21' ],
21 silly audit   magicast: [ '0.5.2' ],
21 silly audit   'markdown-table': [ '3.0.4' ],
21 silly audit   'mdast-util-definitions': [ '6.0.0' ],
21 silly audit   'mdast-util-find-and-replace': [ '3.0.2' ],
21 silly audit   'mdast-util-from-markdown': [ '2.0.3' ],
21 silly audit   'mdast-util-gfm': [ '3.1.0' ],
21 silly audit   'mdast-util-gfm-autolink-literal': [ '2.0.1' ],
21 silly audit   'mdast-util-gfm-footnote': [ '2.1.0' ],
21 silly audit   'mdast-util-gfm-strikethrough': [ '2.0.0' ],
21 silly audit   'mdast-util-gfm-table': [ '2.0.0' ],
21 silly audit   'mdast-util-gfm-task-list-item': [ '2.0.0' ],
21 silly audit   'mdast-util-phrasing': [ '4.1.0' ],
21 silly audit   'mdast-util-to-hast': [ '13.2.1' ],
21 silly audit   'mdast-util-to-markdown': [ '2.1.2' ],
21 silly audit   'mdast-util-to-string': [ '4.0.0' ],
21 silly audit   merge2: [ '1.4.1' ],
21 silly audit   micromark: [ '4.0.2' ],
21 silly audit   'micromark-core-commonmark': [ '2.0.3' ],
21 silly audit   'micromark-extension-gfm': [ '3.0.0' ],
21 silly audit   'micromark-extension-gfm-autolink-literal': [ '2.1.0' ],
21 silly audit   'micromark-extension-gfm-footnote': [ '2.1.0' ],
21 silly audit   'micromark-extension-gfm-strikethrough': [ '2.1.0' ],
21 silly audit   'micromark-extension-gfm-table': [ '2.1.1' ],
21 silly audit   'micromark-extension-gfm-tagfilter': [ '2.0.0' ],
21 silly audit   'micromark-extension-gfm-task-list-item': [ '2.1.0' ],
21 silly audit   'micromark-factory-destination': [ '2.0.1' ],
21 silly audit   'micromark-factory-label': [ '2.0.1' ],
21 silly audit   'micromark-factory-space': [ '2.0.1' ],
21 silly audit   'micromark-factory-title': [ '2.0.1' ],
21 silly audit   'micromark-factory-whitespace': [ '2.0.1' ],
21 silly audit   'micromark-util-character': [ '2.1.1' ],
21 silly audit   'micromark-util-chunked': [ '2.0.1' ],
21 silly audit   'micromark-util-classify-character': [ '2.0.1' ],
21 silly audit   'micromark-util-combine-extensions': [ '2.0.1' ],
21 silly audit   'micromark-util-decode-numeric-character-reference': [ '2.0.2' ],
21 silly audit   'micromark-util-decode-string': [ '2.0.1' ],
21 silly audit   'micromark-util-encode': [ '2.0.1' ],
21 silly audit   'micromark-util-html-tag-name': [ '2.0.1' ],
21 silly audit   'micromark-util-normalize-identifier': [ '2.0.1' ],
21 silly audit   'micromark-util-resolve-all': [ '2.0.1' ],
21 silly audit   'micromark-util-sanitize-uri': [ '2.0.1' ],
21 silly audit   'micromark-util-subtokenize': [ '2.1.0' ],
21 silly audit   'micromark-util-symbol': [ '2.0.1' ],
21 silly audit   'micromark-util-types': [ '2.0.2' ],
21 silly audit   micromatch: [ '4.0.8' ],
21 silly audit   'motion-dom': [ '12.38.0' ],
21 silly audit   'motion-utils': [ '12.36.0' ],
21 silly audit   mrmime: [ '2.0.1' ],
21 silly audit   ms: [ '2.1.3' ],
21 silly audit   mz: [ '2.7.0' ],
21 silly audit   nanoid: [ '3.3.11' ],
21 silly audit   nanostores: [ '1.2.0' ],
21 silly audit   neotraverse: [ '0.6.18' ],
21 silly audit   'nlcst-to-string': [ '4.0.0' ],
21 silly audit   'node-fetch-native': [ '1.6.7' ],
21 silly audit   'node-mock-http': [ '1.0.4' ],
21 silly audit   'node-releases': [ '2.0.37' ],
21 silly audit   'normalize-path': [ '3.0.0' ],
21 silly audit   'nth-check': [ '2.1.1' ],
21 silly audit   'object-assign': [ '4.1.1' ],
21 silly audit   'object-hash': [ '3.0.0' ],
21 silly audit   ofetch: [ '1.5.1' ],
21 silly audit   ohash: [ '2.0.11' ],
21 silly audit   'oniguruma-parser': [ '0.12.1' ],
21 silly audit   'oniguruma-to-es': [ '4.3.5' ],
21 silly audit   'p-limit': [ '6.2.0' ],
21 silly audit   'p-queue': [ '8.1.1' ],
21 silly audit   'p-timeout': [ '6.1.4' ],
21 silly audit   'package-manager-detector': [ '1.6.0' ],
21 silly audit   'parse-latin': [ '7.0.0' ],
21 silly audit   parse5: [ '7.3.0' ],
21 silly audit   'path-parse': [ '1.0.7' ],
21 silly audit   piccolore: [ '0.1.3' ],
21 silly audit   picocolors: [ '1.1.1' ],
21 silly audit   pify: [ '2.3.0' ],
21 silly audit   pirates: [ '4.0.7' ],
21 silly audit   postcss: [ '8.5.8' ],
21 silly audit   'postcss-import': [ '15.1.0' ],
21 silly audit   'postcss-js': [ '4.1.0' ],
21 silly audit   'postcss-load-config': [ '4.0.2' ],
21 silly audit   'postcss-nested': [ '6.2.0' ],
21 silly audit   'postcss-selector-parser': [ '6.1.2' ],
21 silly audit   'postcss-value-parser': [ '4.2.0' ],
21 silly audit   prismjs: [ '1.30.0' ],
21 silly audit   prompts: [ '2.4.2' ],
21 silly audit   kleur: [ '3.0.3' ],
21 silly audit   'prop-types': [ '15.8.1' ],
21 silly audit   'react-is': [ '16.13.1', '18.3.1' ],
21 silly audit   'property-information': [ '7.1.0' ],
21 silly audit   'queue-microtask': [ '1.2.3' ],
21 silly audit   radix3: [ '1.1.2' ],
21 silly audit   react: [ '18.3.1' ],
21 silly audit   'react-dom': [ '18.3.1' ],
21 silly audit   'react-refresh': [ '0.17.0' ],
21 silly audit   'react-smooth': [ '4.0.4' ],
21 silly audit   'react-transition-group': [ '4.4.5' ],
21 silly audit   reactflow: [ '11.11.4' ],
21 silly audit   'read-cache': [ '1.0.0' ],
21 silly audit   readdirp: [ '5.0.0', '3.6.0' ],
21 silly audit   recharts: [ '2.15.4' ],
21 silly audit   'recharts-scale': [ '0.4.5' ],
21 silly audit   regex: [ '6.1.0' ],
21 silly audit   'regex-recursion': [ '6.0.2' ],
21 silly audit   'regex-utilities': [ '2.3.0' ],
21 silly audit   rehype: [ '13.0.2' ],
21 silly audit   'rehype-parse': [ '9.0.1' ],
21 silly audit   'rehype-raw': [ '7.0.0' ],
21 silly audit   'rehype-stringify': [ '10.0.1' ],
21 silly audit   'remark-gfm': [ '4.0.1' ],
21 silly audit   'remark-parse': [ '11.0.0' ],
21 silly audit   'remark-rehype': [ '11.1.2' ],
21 silly audit   'remark-smartypants': [ '3.0.2' ],
21 silly audit   'remark-stringify': [ '11.0.0' ],
21 silly audit   resolve: [ '1.22.11' ],
21 silly audit   retext: [ '9.0.0' ],
21 silly audit   'retext-latin': [ '4.0.0' ],
21 silly audit   'retext-smartypants': [ '6.2.0' ],
21 silly audit   'retext-stringify': [ '4.0.0' ],
21 silly audit   reusify: [ '1.1.0' ],
21 silly audit   rollup: [ '4.60.1' ],
21 silly audit   'run-parallel': [ '1.2.0' ],
21 silly audit   sax: [ '1.6.0' ],
21 silly audit   scheduler: [ '0.23.2' ],
21 silly audit   sharp: [ '0.34.5' ],
21 silly audit   shiki: [ '3.23.0' ],
21 silly audit   sisteransi: [ '1.0.5' ],
21 silly audit   'smol-toml': [ '1.6.1' ],
21 silly audit   'source-map-js': [ '1.2.1' ],
21 silly audit   'space-separated-tokens': [ '2.0.2' ],
21 silly audit   'stringify-entities': [ '4.0.4' ],
21 silly audit   sucrase: [ '3.35.1' ],
21 silly audit   'supports-preserve-symlinks-flag': [ '1.0.0' ],
21 silly audit   svgo: [ '4.0.1' ],
21 silly audit   'tailwind-merge': [ '2.6.1' ],
21 silly audit   tailwindcss: [ '3.4.19' ],
21 silly audit   jiti: [ '1.21.7' ],
21 silly audit   thenify: [ '3.3.1' ],
21 silly audit   'thenify-all': [ '1.6.0' ],
21 silly audit   'tiny-inflate': [ '1.0.3' ],
21 silly audit   'tiny-invariant': [ '1.3.3' ],
21 silly audit   tinyexec: [ '1.0.4' ],
21 silly audit   tinyglobby: [ '0.2.15' ],
21 silly audit   'to-regex-range': [ '5.0.1' ],
21 silly audit   'trim-lines': [ '3.0.1' ],
21 silly audit   trough: [ '2.2.0' ],
21 silly audit   'ts-interface-checker': [ '0.1.13' ],
21 silly audit   tsconfck: [ '3.1.6' ],
21 silly audit   tslib: [ '2.8.1' ],
21 silly audit   'type-fest': [ '4.41.0' ],
21 silly audit   ufo: [ '1.6.3' ],
21 silly audit   ultrahtml: [ '1.6.0' ],
21 silly audit   uncrypto: [ '0.1.3' ],
21 silly audit   unified: [ '11.0.5' ],
21 silly audit   unifont: [ '0.7.4' ],
21 silly audit   'unist-util-find-after': [ '5.0.0' ],
21 silly audit   'unist-util-is': [ '6.0.1' ],
21 silly audit   'unist-util-modify-children': [ '4.0.0' ],
21 silly audit   'unist-util-position': [ '5.0.0' ],
21 silly audit   'unist-util-remove-position': [ '5.0.0' ],
21 silly audit   'unist-util-stringify-position': [ '4.0.0' ],
21 silly audit   'unist-util-visit': [ '5.1.0' ],
21 silly audit   'unist-util-visit-children': [ '3.0.0' ],
21 silly audit   'unist-util-visit-parents': [ '6.0.2' ],
21 silly audit   unstorage: [ '1.17.5' ],
21 silly audit   'update-browserslist-db': [ '1.2.3' ],
21 silly audit   'use-sync-external-store': [ '1.6.0' ],
21 silly audit   'util-deprecate': [ '1.0.2' ],
21 silly audit   vfile: [ '6.0.3' ],
21 silly audit   'vfile-location': [ '5.0.3' ],
21 silly audit   'vfile-message': [ '4.0.3' ],
21 silly audit   'victory-vendor': [ '36.9.2' ],
21 silly audit   vite: [ '6.4.1' ],
21 silly audit   vitefu: [ '1.1.3' ],
21 silly audit   'web-namespaces': [ '2.0.1' ],
21 silly audit   'which-pm-runs': [ '1.1.0' ],
21 silly audit   'widest-line': [ '5.0.0' ],
21 silly audit   'wrap-ansi': [ '9.0.2' ],
21 silly audit   'xxhash-wasm': [ '1.1.0' ],
21 silly audit   yallist: [ '3.1.1' ],
21 silly audit   yaml: [ '2.8.3' ],
21 silly audit   'yargs-parser': [ '21.1.1' ],
21 silly audit   'yocto-queue': [ '1.2.2' ],
21 silly audit   'yocto-spinner': [ '0.2.3' ],
21 silly audit   yoctocolors: [ '2.1.2' ],
21 silly audit   zod: [ '3.25.76' ],
21 silly audit   'zod-to-json-schema': [ '3.25.2' ],
21 silly audit   'zod-to-ts': [ '1.2.0' ],
21 silly audit   zustand: [ '4.5.7' ],
21 silly audit   zwitch: [ '2.0.4' ],
21 silly audit   typescript: [ '5.9.3' ]
21 silly audit }
22 http cache typescript@https://registry.npmjs.org/typescript/-/typescript-5.9.3.tgz 1ms (cache hit)
23 http cache zwitch@https://registry.npmjs.org/zwitch/-/zwitch-2.0.4.tgz 0ms (cache hit)
24 http cache zustand@https://registry.npmjs.org/zustand/-/zustand-4.5.7.tgz 0ms (cache hit)
25 http cache zod-to-json-schema@https://registry.npmjs.org/zod-to-json-schema/-/zod-to-json-schema-3.25.2.tgz 1ms (cache hit)
26 http cache zod@https://registry.npmjs.org/zod/-/zod-3.25.76.tgz 1ms (cache hit)
27 http cache yocto-spinner@https://registry.npmjs.org/yocto-spinner/-/yocto-spinner-0.2.3.tgz 0ms (cache hit)
28 http cache zod-to-ts@https://registry.npmjs.org/zod-to-ts/-/zod-to-ts-1.2.0.tgz 0ms (cache hit)
29 http cache yocto-queue@https://registry.npmjs.org/yocto-queue/-/yocto-queue-1.2.2.tgz 0ms (cache hit)
30 http cache yaml@https://registry.npmjs.org/yaml/-/yaml-2.8.3.tgz 0ms (cache hit)
31 http cache yoctocolors@https://registry.npmjs.org/yoctocolors/-/yoctocolors-2.1.2.tgz 0ms (cache hit)
32 http cache xxhash-wasm@https://registry.npmjs.org/xxhash-wasm/-/xxhash-wasm-1.1.0.tgz 0ms (cache hit)
33 http cache yargs-parser@https://registry.npmjs.org/yargs-parser/-/yargs-parser-21.1.1.tgz 0ms (cache hit)
34 http cache yallist@https://registry.npmjs.org/yallist/-/yallist-3.1.1.tgz 0ms (cache hit)
35 http cache widest-line@https://registry.npmjs.org/widest-line/-/widest-line-5.0.0.tgz 0ms (cache hit)
36 http cache wrap-ansi@https://registry.npmjs.org/wrap-ansi/-/wrap-ansi-9.0.2.tgz 0ms (cache hit)
37 http cache which-pm-runs@https://registry.npmjs.org/which-pm-runs/-/which-pm-runs-1.1.0.tgz 0ms (cache hit)
38 http cache web-namespaces@https://registry.npmjs.org/web-namespaces/-/web-namespaces-2.0.1.tgz 0ms (cache hit)
39 http cache vitefu@https://registry.npmjs.org/vitefu/-/vitefu-1.1.3.tgz 0ms (cache hit)
40 http cache vite@https://registry.npmjs.org/vite/-/vite-6.4.1.tgz 0ms (cache hit)
41 http cache vfile-location@https://registry.npmjs.org/vfile-location/-/vfile-location-5.0.3.tgz 0ms (cache hit)
42 http cache victory-vendor@https://registry.npmjs.org/victory-vendor/-/victory-vendor-36.9.2.tgz 0ms (cache hit)
43 http cache util-deprecate@https://registry.npmjs.org/util-deprecate/-/util-deprecate-1.0.2.tgz 0ms (cache hit)
44 http cache vfile@https://registry.npmjs.org/vfile/-/vfile-6.0.3.tgz 0ms (cache hit)
45 http cache vfile-message@https://registry.npmjs.org/vfile-message/-/vfile-message-4.0.3.tgz 0ms (cache hit)
46 http cache update-browserslist-db@https://registry.npmjs.org/update-browserslist-db/-/update-browserslist-db-1.2.3.tgz 0ms (cache hit)
47 http cache use-sync-external-store@https://registry.npmjs.org/use-sync-external-store/-/use-sync-external-store-1.6.0.tgz 0ms (cache hit)
48 http cache unstorage@https://registry.npmjs.org/unstorage/-/unstorage-1.17.5.tgz 0ms (cache hit)
49 http cache unist-util-visit-parents@https://registry.npmjs.org/unist-util-visit-parents/-/unist-util-visit-parents-6.0.2.tgz 0ms (cache hit)
50 http cache unist-util-visit@https://registry.npmjs.org/unist-util-visit/-/unist-util-visit-5.1.0.tgz 0ms (cache hit)
51 http cache unist-util-stringify-position@https://registry.npmjs.org/unist-util-stringify-position/-/unist-util-stringify-position-4.0.0.tgz 0ms (cache hit)
52 http cache unist-util-visit-children@https://registry.npmjs.org/unist-util-visit-children/-/unist-util-visit-children-3.0.0.tgz 0ms (cache hit)
53 http cache unist-util-remove-position@https://registry.npmjs.org/unist-util-remove-position/-/unist-util-remove-position-5.0.0.tgz 0ms (cache hit)
54 http cache unist-util-modify-children@https://registry.npmjs.org/unist-util-modify-children/-/unist-util-modify-children-4.0.0.tgz 0ms (cache hit)
55 http cache unist-util-is@https://registry.npmjs.org/unist-util-is/-/unist-util-is-6.0.1.tgz 0ms (cache hit)
56 http cache unifont@https://registry.npmjs.org/unifont/-/unifont-0.7.4.tgz 0ms (cache hit)
57 http cache unist-util-find-after@https://registry.npmjs.org/unist-util-find-after/-/unist-util-find-after-5.0.0.tgz 0ms (cache hit)
58 http cache unified@https://registry.npmjs.org/unified/-/unified-11.0.5.tgz 0ms (cache hit)
59 http cache unist-util-position@https://registry.npmjs.org/unist-util-position/-/unist-util-position-5.0.0.tgz 0ms (cache hit)
60 http cache ufo@https://registry.npmjs.org/ufo/-/ufo-1.6.3.tgz 0ms (cache hit)
61 http cache ultrahtml@https://registry.npmjs.org/ultrahtml/-/ultrahtml-1.6.0.tgz 0ms (cache hit)
62 http cache uncrypto@https://registry.npmjs.org/uncrypto/-/uncrypto-0.1.3.tgz 0ms (cache hit)
63 http cache tslib@https://registry.npmjs.org/tslib/-/tslib-2.8.1.tgz 0ms (cache hit)
64 http cache tsconfck@https://registry.npmjs.org/tsconfck/-/tsconfck-3.1.6.tgz 0ms (cache hit)
65 http cache type-fest@https://registry.npmjs.org/type-fest/-/type-fest-4.41.0.tgz 0ms (cache hit)
66 http cache trough@https://registry.npmjs.org/trough/-/trough-2.2.0.tgz 0ms (cache hit)
67 http cache ts-interface-checker@https://registry.npmjs.org/ts-interface-checker/-/ts-interface-checker-0.1.13.tgz 0ms (cache hit)
68 http cache trim-lines@https://registry.npmjs.org/trim-lines/-/trim-lines-3.0.1.tgz 0ms (cache hit)
69 http cache tinyglobby@https://registry.npmjs.org/tinyglobby/-/tinyglobby-0.2.15.tgz 0ms (cache hit)
70 http cache tinyexec@https://registry.npmjs.org/tinyexec/-/tinyexec-1.0.4.tgz 0ms (cache hit)
71 http cache to-regex-range@https://registry.npmjs.org/to-regex-range/-/to-regex-range-5.0.1.tgz 0ms (cache hit)
72 http cache tiny-inflate@https://registry.npmjs.org/tiny-inflate/-/tiny-inflate-1.0.3.tgz 0ms (cache hit)
73 http cache tiny-invariant@https://registry.npmjs.org/tiny-invariant/-/tiny-invariant-1.3.3.tgz 0ms (cache hit)
74 http cache thenify@https://registry.npmjs.org/thenify/-/thenify-3.3.1.tgz 0ms (cache hit)
75 http cache tailwindcss@https://registry.npmjs.org/tailwindcss/-/tailwindcss-3.4.19.tgz 0ms (cache hit)
76 http cache supports-preserve-symlinks-flag@https://registry.npmjs.org/supports-preserve-symlinks-flag/-/supports-preserve-symlinks-flag-1.0.0.tgz 1ms (cache hit)
77 http cache thenify-all@https://registry.npmjs.org/thenify-all/-/thenify-all-1.6.0.tgz 0ms (cache hit)
78 http cache svgo@https://registry.npmjs.org/svgo/-/svgo-4.0.1.tgz 0ms (cache hit)
79 http cache tailwind-merge@https://registry.npmjs.org/tailwind-merge/-/tailwind-merge-2.6.1.tgz 0ms (cache hit)
80 http cache sucrase@https://registry.npmjs.org/sucrase/-/sucrase-3.35.1.tgz 0ms (cache hit)
81 http cache stringify-entities@https://registry.npmjs.org/stringify-entities/-/stringify-entities-4.0.4.tgz 0ms (cache hit)
82 http cache strip-ansi@https://registry.npmjs.org/strip-ansi/-/strip-ansi-7.2.0.tgz 0ms (cache hit)
83 http cache string-width@https://registry.npmjs.org/string-width/-/string-width-7.2.0.tgz 0ms (cache hit)
84 http cache space-separated-tokens@https://registry.npmjs.org/space-separated-tokens/-/space-separated-tokens-2.0.2.tgz 0ms (cache hit)
85 http cache smol-toml@https://registry.npmjs.org/smol-toml/-/smol-toml-1.6.1.tgz 0ms (cache hit)
86 http cache source-map-js@https://registry.npmjs.org/source-map-js/-/source-map-js-1.2.1.tgz 0ms (cache hit)
87 http cache sisteransi@https://registry.npmjs.org/sisteransi/-/sisteransi-1.0.5.tgz 0ms (cache hit)
88 http cache shiki@https://registry.npmjs.org/shiki/-/shiki-3.23.0.tgz 0ms (cache hit)
89 http cache semver@https://registry.npmjs.org/semver/-/semver-6.3.1.tgz 0ms (cache hit)
90 http cache sharp@https://registry.npmjs.org/sharp/-/sharp-0.34.5.tgz 0ms (cache hit)
91 http cache scheduler@https://registry.npmjs.org/scheduler/-/scheduler-0.23.2.tgz 0ms (cache hit)
92 http cache run-parallel@https://registry.npmjs.org/run-parallel/-/run-parallel-1.2.0.tgz 0ms (cache hit)
93 http cache retext-stringify@https://registry.npmjs.org/retext-stringify/-/retext-stringify-4.0.0.tgz 0ms (cache hit)
94 http cache sax@https://registry.npmjs.org/sax/-/sax-1.6.0.tgz 0ms (cache hit)
95 http cache rollup@https://registry.npmjs.org/rollup/-/rollup-4.60.1.tgz 0ms (cache hit)
96 http cache reusify@https://registry.npmjs.org/reusify/-/reusify-1.1.0.tgz 0ms (cache hit)
97 http cache retext-smartypants@https://registry.npmjs.org/retext-smartypants/-/retext-smartypants-6.2.0.tgz 0ms (cache hit)
98 http cache resolve@https://registry.npmjs.org/resolve/-/resolve-1.22.11.tgz 0ms (cache hit)
99 http cache retext@https://registry.npmjs.org/retext/-/retext-9.0.0.tgz 0ms (cache hit)
100 http cache retext-latin@https://registry.npmjs.org/retext-latin/-/retext-latin-4.0.0.tgz 0ms (cache hit)
101 http cache remark-stringify@https://registry.npmjs.org/remark-stringify/-/remark-stringify-11.0.0.tgz 0ms (cache hit)
102 http cache remark-smartypants@https://registry.npmjs.org/remark-smartypants/-/remark-smartypants-3.0.2.tgz 0ms (cache hit)
103 http cache remark-rehype@https://registry.npmjs.org/remark-rehype/-/remark-rehype-11.1.2.tgz 0ms (cache hit)
104 http cache remark-parse@https://registry.npmjs.org/remark-parse/-/remark-parse-11.0.0.tgz 0ms (cache hit)
105 http cache remark-gfm@https://registry.npmjs.org/remark-gfm/-/remark-gfm-4.0.1.tgz 0ms (cache hit)
106 http cache rehype-parse@https://registry.npmjs.org/rehype-parse/-/rehype-parse-9.0.1.tgz 0ms (cache hit)
107 http cache rehype-raw@https://registry.npmjs.org/rehype-raw/-/rehype-raw-7.0.0.tgz 0ms (cache hit)
108 http cache rehype-stringify@https://registry.npmjs.org/rehype-stringify/-/rehype-stringify-10.0.1.tgz 0ms (cache hit)
109 http cache regex-utilities@https://registry.npmjs.org/regex-utilities/-/regex-utilities-2.3.0.tgz 0ms (cache hit)
110 http cache rehype@https://registry.npmjs.org/rehype/-/rehype-13.0.2.tgz 0ms (cache hit)
111 http cache regex-recursion@https://registry.npmjs.org/regex-recursion/-/regex-recursion-6.0.2.tgz 0ms (cache hit)
112 http cache regex@https://registry.npmjs.org/regex/-/regex-6.1.0.tgz 0ms (cache hit)
113 http cache recharts-scale@https://registry.npmjs.org/recharts-scale/-/recharts-scale-0.4.5.tgz 0ms (cache hit)
114 http cache recharts@https://registry.npmjs.org/recharts/-/recharts-2.15.4.tgz 0ms (cache hit)
115 http cache readdirp@https://registry.npmjs.org/readdirp/-/readdirp-5.0.0.tgz 0ms (cache hit)
116 http cache read-cache@https://registry.npmjs.org/read-cache/-/read-cache-1.0.0.tgz 0ms (cache hit)
117 http cache reactflow@https://registry.npmjs.org/reactflow/-/reactflow-11.11.4.tgz 0ms (cache hit)
118 http cache react-transition-group@https://registry.npmjs.org/react-transition-group/-/react-transition-group-4.4.5.tgz 0ms (cache hit)
119 http cache react-smooth@https://registry.npmjs.org/react-smooth/-/react-smooth-4.0.4.tgz 0ms (cache hit)
120 http cache react-is@https://registry.npmjs.org/react-is/-/react-is-18.3.1.tgz 0ms (cache hit)
121 http cache react-refresh@https://registry.npmjs.org/react-refresh/-/react-refresh-0.17.0.tgz 0ms (cache hit)
122 http cache react-dom@https://registry.npmjs.org/react-dom/-/react-dom-18.3.1.tgz 0ms (cache hit)
123 http cache react@https://registry.npmjs.org/react/-/react-18.3.1.tgz 0ms (cache hit)
124 http cache queue-microtask@https://registry.npmjs.org/queue-microtask/-/queue-microtask-1.2.3.tgz 0ms (cache hit)
125 http cache radix3@https://registry.npmjs.org/radix3/-/radix3-1.1.2.tgz 0ms (cache hit)
126 http cache prop-types@https://registry.npmjs.org/prop-types/-/prop-types-15.8.1.tgz 0ms (cache hit)
127 http cache property-information@https://registry.npmjs.org/property-information/-/property-information-7.1.0.tgz 0ms (cache hit)
128 http cache postcss-value-parser@https://registry.npmjs.org/postcss-value-parser/-/postcss-value-parser-4.2.0.tgz 0ms (cache hit)
129 http cache prompts@https://registry.npmjs.org/prompts/-/prompts-2.4.2.tgz 0ms (cache hit)
130 http cache prismjs@https://registry.npmjs.org/prismjs/-/prismjs-1.30.0.tgz 0ms (cache hit)
131 http cache postcss-selector-parser@https://registry.npmjs.org/postcss-selector-parser/-/postcss-selector-parser-6.1.2.tgz 0ms (cache hit)
132 http cache postcss-nested@https://registry.npmjs.org/postcss-nested/-/postcss-nested-6.2.0.tgz 0ms (cache hit)
133 http cache postcss-import@https://registry.npmjs.org/postcss-import/-/postcss-import-15.1.0.tgz 0ms (cache hit)
134 http cache postcss-load-config@https://registry.npmjs.org/postcss-load-config/-/postcss-load-config-4.0.2.tgz 0ms (cache hit)
135 http cache postcss-js@https://registry.npmjs.org/postcss-js/-/postcss-js-4.1.0.tgz 0ms (cache hit)
136 http cache postcss@https://registry.npmjs.org/postcss/-/postcss-8.5.8.tgz 0ms (cache hit)
137 http cache pify@https://registry.npmjs.org/pify/-/pify-2.3.0.tgz 0ms (cache hit)
138 http cache picomatch@https://registry.npmjs.org/picomatch/-/picomatch-4.0.4.tgz 0ms (cache hit)
139 http cache path-parse@https://registry.npmjs.org/path-parse/-/path-parse-1.0.7.tgz 0ms (cache hit)
140 http cache picocolors@https://registry.npmjs.org/picocolors/-/picocolors-1.1.1.tgz 0ms (cache hit)
141 http cache parse5@https://registry.npmjs.org/parse5/-/parse5-7.3.0.tgz 0ms (cache hit)
142 http cache parse-latin@https://registry.npmjs.org/parse-latin/-/parse-latin-7.0.0.tgz 0ms (cache hit)
143 http cache piccolore@https://registry.npmjs.org/piccolore/-/piccolore-0.1.3.tgz 0ms (cache hit)
144 http cache pirates@https://registry.npmjs.org/pirates/-/pirates-4.0.7.tgz 0ms (cache hit)
145 http cache package-manager-detector@https://registry.npmjs.org/package-manager-detector/-/package-manager-detector-1.6.0.tgz 0ms (cache hit)
146 http cache p-timeout@https://registry.npmjs.org/p-timeout/-/p-timeout-6.1.4.tgz 0ms (cache hit)
147 http cache p-queue@https://registry.npmjs.org/p-queue/-/p-queue-8.1.1.tgz 0ms (cache hit)
148 http cache oniguruma-to-es@https://registry.npmjs.org/oniguruma-to-es/-/oniguruma-to-es-4.3.5.tgz 0ms (cache hit)
149 http cache oniguruma-parser@https://registry.npmjs.org/oniguruma-parser/-/oniguruma-parser-0.12.1.tgz 0ms (cache hit)
150 http cache ohash@https://registry.npmjs.org/ohash/-/ohash-2.0.11.tgz 0ms (cache hit)
151 http cache p-limit@https://registry.npmjs.org/p-limit/-/p-limit-6.2.0.tgz 0ms (cache hit)
152 http cache ofetch@https://registry.npmjs.org/ofetch/-/ofetch-1.5.1.tgz 0ms (cache hit)
153 http cache object-hash@https://registry.npmjs.org/object-hash/-/object-hash-3.0.0.tgz 0ms (cache hit)
154 http cache nth-check@https://registry.npmjs.org/nth-check/-/nth-check-2.1.1.tgz 0ms (cache hit)
155 http cache node-releases@https://registry.npmjs.org/node-releases/-/node-releases-2.0.37.tgz 0ms (cache hit)
156 http cache object-assign@https://registry.npmjs.org/object-assign/-/object-assign-4.1.1.tgz 0ms (cache hit)
157 http cache normalize-path@https://registry.npmjs.org/normalize-path/-/normalize-path-3.0.0.tgz 0ms (cache hit)
158 http cache node-mock-http@https://registry.npmjs.org/node-mock-http/-/node-mock-http-1.0.4.tgz 0ms (cache hit)
159 http cache node-fetch-native@https://registry.npmjs.org/node-fetch-native/-/node-fetch-native-1.6.7.tgz 0ms (cache hit)
160 http cache neotraverse@https://registry.npmjs.org/neotraverse/-/neotraverse-0.6.18.tgz 0ms (cache hit)
161 http cache nanostores@https://registry.npmjs.org/nanostores/-/nanostores-1.2.0.tgz 0ms (cache hit)
162 http cache nlcst-to-string@https://registry.npmjs.org/nlcst-to-string/-/nlcst-to-string-4.0.0.tgz 0ms (cache hit)
163 http cache mz@https://registry.npmjs.org/mz/-/mz-2.7.0.tgz 0ms (cache hit)
164 http cache mrmime@https://registry.npmjs.org/mrmime/-/mrmime-2.0.1.tgz 0ms (cache hit)
165 http cache nanoid@https://registry.npmjs.org/nanoid/-/nanoid-3.3.11.tgz 0ms (cache hit)
166 http cache ms@https://registry.npmjs.org/ms/-/ms-2.1.3.tgz 0ms (cache hit)
167 http cache micromark-util-types@https://registry.npmjs.org/micromark-util-types/-/micromark-util-types-2.0.2.tgz 0ms (cache hit)
168 http cache motion-dom@https://registry.npmjs.org/motion-dom/-/motion-dom-12.38.0.tgz 0ms (cache hit)
169 http cache motion-utils@https://registry.npmjs.org/motion-utils/-/motion-utils-12.36.0.tgz 0ms (cache hit)
170 http cache micromatch@https://registry.npmjs.org/micromatch/-/micromatch-4.0.8.tgz 0ms (cache hit)
171 http cache micromark-util-symbol@https://registry.npmjs.org/micromark-util-symbol/-/micromark-util-symbol-2.0.1.tgz 0ms (cache hit)
172 http cache micromark-util-sanitize-uri@https://registry.npmjs.org/micromark-util-sanitize-uri/-/micromark-util-sanitize-uri-2.0.1.tgz 0ms (cache hit)
173 http cache micromark-util-subtokenize@https://registry.npmjs.org/micromark-util-subtokenize/-/micromark-util-subtokenize-2.1.0.tgz 0ms (cache hit)
174 http cache micromark-util-normalize-identifier@https://registry.npmjs.org/micromark-util-normalize-identifier/-/micromark-util-normalize-identifier-2.0.1.tgz 0ms (cache hit)
175 http cache micromark-util-resolve-all@https://registry.npmjs.org/micromark-util-resolve-all/-/micromark-util-resolve-all-2.0.1.tgz 0ms (cache hit)
176 http cache micromark-util-html-tag-name@https://registry.npmjs.org/micromark-util-html-tag-name/-/micromark-util-html-tag-name-2.0.1.tgz 0ms (cache hit)
177 http cache micromark-util-encode@https://registry.npmjs.org/micromark-util-encode/-/micromark-util-encode-2.0.1.tgz 0ms (cache hit)
178 http cache micromark-util-combine-extensions@https://registry.npmjs.org/micromark-util-combine-extensions/-/micromark-util-combine-extensions-2.0.1.tgz 0ms (cache hit)
179 http cache micromark-util-decode-string@https://registry.npmjs.org/micromark-util-decode-string/-/micromark-util-decode-string-2.0.1.tgz 0ms (cache hit)
180 http cache micromark-util-classify-character@https://registry.npmjs.org/micromark-util-classify-character/-/micromark-util-classify-character-2.0.1.tgz 0ms (cache hit)
181 http cache micromark-util-character@https://registry.npmjs.org/micromark-util-character/-/micromark-util-character-2.1.1.tgz 0ms (cache hit)
182 http cache micromark-factory-title@https://registry.npmjs.org/micromark-factory-title/-/micromark-factory-title-2.0.1.tgz 0ms (cache hit)
183 http cache micromark-util-chunked@https://registry.npmjs.org/micromark-util-chunked/-/micromark-util-chunked-2.0.1.tgz 0ms (cache hit)
184 http cache micromark-util-decode-numeric-character-reference@https://registry.npmjs.org/micromark-util-decode-numeric-character-reference/-/micromark-util-decode-numeric-character-reference-2.0.2.tgz 0ms (cache hit)
185 http cache micromark-factory-whitespace@https://registry.npmjs.org/micromark-factory-whitespace/-/micromark-factory-whitespace-2.0.1.tgz 0ms (cache hit)
186 http cache micromark-factory-space@https://registry.npmjs.org/micromark-factory-space/-/micromark-factory-space-2.0.1.tgz 0ms (cache hit)
187 http cache micromark-factory-label@https://registry.npmjs.org/micromark-factory-label/-/micromark-factory-label-2.0.1.tgz 0ms (cache hit)
188 http cache micromark-factory-destination@https://registry.npmjs.org/micromark-factory-destination/-/micromark-factory-destination-2.0.1.tgz 0ms (cache hit)
189 http cache micromark-extension-gfm-task-list-item@https://registry.npmjs.org/micromark-extension-gfm-task-list-item/-/micromark-extension-gfm-task-list-item-2.1.0.tgz 0ms (cache hit)
190 http cache micromark-extension-gfm-tagfilter@https://registry.npmjs.org/micromark-extension-gfm-tagfilter/-/micromark-extension-gfm-tagfilter-2.0.0.tgz 0ms (cache hit)
191 http cache micromark-extension-gfm-table@https://registry.npmjs.org/micromark-extension-gfm-table/-/micromark-extension-gfm-table-2.1.1.tgz 0ms (cache hit)
192 http cache micromark-extension-gfm-footnote@https://registry.npmjs.org/micromark-extension-gfm-footnote/-/micromark-extension-gfm-footnote-2.1.0.tgz 0ms (cache hit)
193 http cache micromark-extension-gfm@https://registry.npmjs.org/micromark-extension-gfm/-/micromark-extension-gfm-3.0.0.tgz 0ms (cache hit)
194 http cache micromark-extension-gfm-autolink-literal@https://registry.npmjs.org/micromark-extension-gfm-autolink-literal/-/micromark-extension-gfm-autolink-literal-2.1.0.tgz 0ms (cache hit)
195 http cache micromark-extension-gfm-strikethrough@https://registry.npmjs.org/micromark-extension-gfm-strikethrough/-/micromark-extension-gfm-strikethrough-2.1.0.tgz 0ms (cache hit)
196 http cache micromark-core-commonmark@https://registry.npmjs.org/micromark-core-commonmark/-/micromark-core-commonmark-2.0.3.tgz 0ms (cache hit)
197 http cache micromark@https://registry.npmjs.org/micromark/-/micromark-4.0.2.tgz 0ms (cache hit)
198 http cache merge2@https://registry.npmjs.org/merge2/-/merge2-1.4.1.tgz 0ms (cache hit)
199 http cache mdn-data@https://registry.npmjs.org/mdn-data/-/mdn-data-2.27.1.tgz 0ms (cache hit)
200 http cache mdast-util-to-markdown@https://registry.npmjs.org/mdast-util-to-markdown/-/mdast-util-to-markdown-2.1.2.tgz 0ms (cache hit)
201 http cache mdast-util-to-hast@https://registry.npmjs.org/mdast-util-to-hast/-/mdast-util-to-hast-13.2.1.tgz 0ms (cache hit)
202 http cache mdast-util-phrasing@https://registry.npmjs.org/mdast-util-phrasing/-/mdast-util-phrasing-4.1.0.tgz 0ms (cache hit)
203 http cache mdast-util-to-string@https://registry.npmjs.org/mdast-util-to-string/-/mdast-util-to-string-4.0.0.tgz 0ms (cache hit)
204 http cache mdast-util-gfm-table@https://registry.npmjs.org/mdast-util-gfm-table/-/mdast-util-gfm-table-2.0.0.tgz 0ms (cache hit)
205 http cache mdast-util-gfm-task-list-item@https://registry.npmjs.org/mdast-util-gfm-task-list-item/-/mdast-util-gfm-task-list-item-2.0.0.tgz 0ms (cache hit)
206 http cache mdast-util-gfm-autolink-literal@https://registry.npmjs.org/mdast-util-gfm-autolink-literal/-/mdast-util-gfm-autolink-literal-2.0.1.tgz 0ms (cache hit)
207 http cache mdast-util-gfm-strikethrough@https://registry.npmjs.org/mdast-util-gfm-strikethrough/-/mdast-util-gfm-strikethrough-2.0.0.tgz 0ms (cache hit)
208 http cache mdast-util-gfm-footnote@https://registry.npmjs.org/mdast-util-gfm-footnote/-/mdast-util-gfm-footnote-2.1.0.tgz 0ms (cache hit)
209 http cache mdast-util-gfm@https://registry.npmjs.org/mdast-util-gfm/-/mdast-util-gfm-3.1.0.tgz 0ms (cache hit)
210 http cache mdast-util-from-markdown@https://registry.npmjs.org/mdast-util-from-markdown/-/mdast-util-from-markdown-2.0.3.tgz 0ms (cache hit)
211 http cache mdast-util-definitions@https://registry.npmjs.org/mdast-util-definitions/-/mdast-util-definitions-6.0.0.tgz 0ms (cache hit)
212 http cache magicast@https://registry.npmjs.org/magicast/-/magicast-0.5.2.tgz 0ms (cache hit)
213 http cache markdown-table@https://registry.npmjs.org/markdown-table/-/markdown-table-3.0.4.tgz 0ms (cache hit)
214 http cache mdast-util-find-and-replace@https://registry.npmjs.org/mdast-util-find-and-replace/-/mdast-util-find-and-replace-3.0.2.tgz 0ms (cache hit)
215 http cache lucide-react@https://registry.npmjs.org/lucide-react/-/lucide-react-0.471.2.tgz 0ms (cache hit)
216 http cache magic-string@https://registry.npmjs.org/magic-string/-/magic-string-0.30.21.tgz 1ms (cache hit)
217 http cache lru-cache@https://registry.npmjs.org/lru-cache/-/lru-cache-5.1.1.tgz 0ms (cache hit)
218 http cache loose-envify@https://registry.npmjs.org/loose-envify/-/loose-envify-1.4.0.tgz 0ms (cache hit)
219 http cache lodash@https://registry.npmjs.org/lodash/-/lodash-4.18.1.tgz 0ms (cache hit)
220 http cache lilconfig@https://registry.npmjs.org/lilconfig/-/lilconfig-3.1.3.tgz 0ms (cache hit)
221 http cache longest-streak@https://registry.npmjs.org/longest-streak/-/longest-streak-3.1.0.tgz 0ms (cache hit)
222 http cache jsesc@https://registry.npmjs.org/jsesc/-/jsesc-3.1.0.tgz 0ms (cache hit)
223 http cache lines-and-columns@https://registry.npmjs.org/lines-and-columns/-/lines-and-columns-1.2.4.tgz 0ms (cache hit)
224 http cache json5@https://registry.npmjs.org/json5/-/json5-2.2.3.tgz 0ms (cache hit)
225 http cache js-tokens@https://registry.npmjs.org/js-tokens/-/js-tokens-4.0.0.tgz 0ms (cache hit)
226 http cache js-yaml@https://registry.npmjs.org/js-yaml/-/js-yaml-4.1.1.tgz 0ms (cache hit)
227 http cache is-number@https://registry.npmjs.org/is-number/-/is-number-7.0.0.tgz 0ms (cache hit)
228 http cache is-plain-obj@https://registry.npmjs.org/is-plain-obj/-/is-plain-obj-4.1.0.tgz 1ms (cache hit)
229 http cache is-wsl@https://registry.npmjs.org/is-wsl/-/is-wsl-3.1.1.tgz 0ms (cache hit)
230 http cache is-glob@https://registry.npmjs.org/is-glob/-/is-glob-4.0.3.tgz 0ms (cache hit)
231 http cache is-inside-container@https://registry.npmjs.org/is-inside-container/-/is-inside-container-1.0.0.tgz 0ms (cache hit)
232 http cache is-fullwidth-code-point@https://registry.npmjs.org/is-fullwidth-code-point/-/is-fullwidth-code-point-3.0.0.tgz 0ms (cache hit)
233 http cache is-extglob@https://registry.npmjs.org/is-extglob/-/is-extglob-2.1.1.tgz 0ms (cache hit)
234 http cache is-core-module@https://registry.npmjs.org/is-core-module/-/is-core-module-2.16.1.tgz 0ms (cache hit)
235 http cache is-docker@https://registry.npmjs.org/is-docker/-/is-docker-3.0.0.tgz 0ms (cache hit)
236 http cache is-binary-path@https://registry.npmjs.org/is-binary-path/-/is-binary-path-2.1.0.tgz 0ms (cache hit)
237 http cache internmap@https://registry.npmjs.org/internmap/-/internmap-2.0.3.tgz 0ms (cache hit)
238 http cache import-meta-resolve@https://registry.npmjs.org/import-meta-resolve/-/import-meta-resolve-4.2.0.tgz 0ms (cache hit)
239 http cache http-cache-semantics@https://registry.npmjs.org/http-cache-semantics/-/http-cache-semantics-4.2.0.tgz 0ms (cache hit)
240 http cache html-escaper@https://registry.npmjs.org/html-escaper/-/html-escaper-3.0.3.tgz 0ms (cache hit)
241 http cache iron-webcrypto@https://registry.npmjs.org/iron-webcrypto/-/iron-webcrypto-1.2.1.tgz 0ms (cache hit)
242 http cache hastscript@https://registry.npmjs.org/hastscript/-/hastscript-9.0.1.tgz 0ms (cache hit)
243 http cache html-void-elements@https://registry.npmjs.org/html-void-elements/-/html-void-elements-3.0.0.tgz 0ms (cache hit)
244 http cache hast-util-whitespace@https://registry.npmjs.org/hast-util-whitespace/-/hast-util-whitespace-3.0.0.tgz 0ms (cache hit)
245 http cache hast-util-to-parse5@https://registry.npmjs.org/hast-util-to-parse5/-/hast-util-to-parse5-8.0.1.tgz 0ms (cache hit)
246 http cache hast-util-to-html@https://registry.npmjs.org/hast-util-to-html/-/hast-util-to-html-9.0.5.tgz 0ms (cache hit)
247 http cache hast-util-to-text@https://registry.npmjs.org/hast-util-to-text/-/hast-util-to-text-4.0.2.tgz 0ms (cache hit)
248 http cache hast-util-raw@https://registry.npmjs.org/hast-util-raw/-/hast-util-raw-9.1.0.tgz 0ms (cache hit)
249 http cache hast-util-parse-selector@https://registry.npmjs.org/hast-util-parse-selector/-/hast-util-parse-selector-4.0.0.tgz 0ms (cache hit)
250 http cache hast-util-is-element@https://registry.npmjs.org/hast-util-is-element/-/hast-util-is-element-3.0.0.tgz 0ms (cache hit)
251 http cache hast-util-from-parse5@https://registry.npmjs.org/hast-util-from-parse5/-/hast-util-from-parse5-8.0.3.tgz 0ms (cache hit)
252 http cache glob-parent@https://registry.npmjs.org/glob-parent/-/glob-parent-6.0.2.tgz 0ms (cache hit)
253 http cache hast-util-from-html@https://registry.npmjs.org/hast-util-from-html/-/hast-util-from-html-2.0.3.tgz 0ms (cache hit)
254 http cache github-slugger@https://registry.npmjs.org/github-slugger/-/github-slugger-2.0.0.tgz 0ms (cache hit)
255 http cache hasown@https://registry.npmjs.org/hasown/-/hasown-2.0.2.tgz 0ms (cache hit)
256 http cache h3@https://registry.npmjs.org/h3/-/h3-1.15.11.tgz 0ms (cache hit)
257 http cache get-east-asian-width@https://registry.npmjs.org/get-east-asian-width/-/get-east-asian-width-1.5.0.tgz 0ms (cache hit)
258 http cache gensync@https://registry.npmjs.org/gensync/-/gensync-1.0.0-beta.2.tgz 0ms (cache hit)
259 http cache function-bind@https://registry.npmjs.org/function-bind/-/function-bind-1.1.2.tgz 0ms (cache hit)
260 http cache framer-motion@https://registry.npmjs.org/framer-motion/-/framer-motion-12.38.0.tgz 0ms (cache hit)
261 http cache fraction.js@https://registry.npmjs.org/fraction.js/-/fraction.js-5.3.4.tgz 0ms (cache hit)
262 http cache fontkitten@https://registry.npmjs.org/fontkitten/-/fontkitten-1.0.3.tgz 0ms (cache hit)
263 http cache fill-range@https://registry.npmjs.org/fill-range/-/fill-range-7.1.1.tgz 0ms (cache hit)
264 http cache fontace@https://registry.npmjs.org/fontace/-/fontace-0.4.1.tgz 0ms (cache hit)
265 http cache flattie@https://registry.npmjs.org/flattie/-/flattie-1.1.1.tgz 0ms (cache hit)
266 http cache fastq@https://registry.npmjs.org/fastq/-/fastq-1.20.1.tgz 0ms (cache hit)
267 http cache fdir@https://registry.npmjs.org/fdir/-/fdir-6.5.0.tgz 0ms (cache hit)
268 http cache fast-glob@https://registry.npmjs.org/fast-glob/-/fast-glob-3.3.3.tgz 0ms (cache hit)
269 http cache fast-equals@https://registry.npmjs.org/fast-equals/-/fast-equals-5.4.0.tgz 0ms (cache hit)
270 http cache eventemitter3@https://registry.npmjs.org/eventemitter3/-/eventemitter3-5.0.4.tgz 0ms (cache hit)
271 http cache extend@https://registry.npmjs.org/extend/-/extend-3.0.2.tgz 0ms (cache hit)
272 http cache escalade@https://registry.npmjs.org/escalade/-/escalade-3.2.0.tgz 0ms (cache hit)
273 http cache escape-string-regexp@https://registry.npmjs.org/escape-string-regexp/-/escape-string-regexp-5.0.0.tgz 0ms (cache hit)
274 http cache es-module-lexer@https://registry.npmjs.org/es-module-lexer/-/es-module-lexer-1.7.0.tgz 0ms (cache hit)
275 http cache esbuild@https://registry.npmjs.org/esbuild/-/esbuild-0.27.5.tgz 0ms (cache hit)
276 http cache emoji-regex@https://registry.npmjs.org/emoji-regex/-/emoji-regex-10.6.0.tgz 0ms (cache hit)
277 http cache electron-to-chromium@https://registry.npmjs.org/electron-to-chromium/-/electron-to-chromium-1.5.331.tgz 0ms (cache hit)
278 http cache dset@https://registry.npmjs.org/dset/-/dset-3.1.4.tgz 0ms (cache hit)
279 http cache domhandler@https://registry.npmjs.org/domhandler/-/domhandler-5.0.3.tgz 0ms (cache hit)
280 http cache domelementtype@https://registry.npmjs.org/domelementtype/-/domelementtype-2.3.0.tgz 0ms (cache hit)
281 http cache estree-walker@https://registry.npmjs.org/estree-walker/-/estree-walker-2.0.2.tgz 0ms (cache hit)
282 http cache dom-serializer@https://registry.npmjs.org/dom-serializer/-/dom-serializer-2.0.0.tgz 0ms (cache hit)
283 http cache domutils@https://registry.npmjs.org/domutils/-/domutils-3.2.2.tgz 0ms (cache hit)
284 http cache dom-helpers@https://registry.npmjs.org/dom-helpers/-/dom-helpers-5.2.1.tgz 0ms (cache hit)
285 http cache dlv@https://registry.npmjs.org/dlv/-/dlv-1.1.3.tgz 0ms (cache hit)
286 http cache diff@https://registry.npmjs.org/diff/-/diff-8.0.4.tgz 0ms (cache hit)
287 http cache devlop@https://registry.npmjs.org/devlop/-/devlop-1.1.0.tgz 0ms (cache hit)
288 http cache didyoumean@https://registry.npmjs.org/didyoumean/-/didyoumean-1.2.2.tgz 0ms (cache hit)
289 http cache deterministic-object-hash@https://registry.npmjs.org/deterministic-object-hash/-/deterministic-object-hash-2.0.2.tgz 0ms (cache hit)
290 http cache detect-libc@https://registry.npmjs.org/detect-libc/-/detect-libc-2.1.2.tgz 0ms (cache hit)
291 http cache destr@https://registry.npmjs.org/destr/-/destr-2.0.5.tgz 0ms (cache hit)
292 http cache dequal@https://registry.npmjs.org/dequal/-/dequal-2.0.3.tgz 0ms (cache hit)
293 http cache devalue@https://registry.npmjs.org/devalue/-/devalue-5.6.4.tgz 0ms (cache hit)
294 http cache defu@https://registry.npmjs.org/defu/-/defu-6.1.6.tgz 0ms (cache hit)
295 http cache decode-named-character-reference@https://registry.npmjs.org/decode-named-character-reference/-/decode-named-character-reference-1.3.0.tgz 0ms (cache hit)
296 http cache debug@https://registry.npmjs.org/debug/-/debug-4.4.3.tgz 0ms (cache hit)
297 http cache decimal.js-light@https://registry.npmjs.org/decimal.js-light/-/decimal.js-light-2.5.1.tgz 0ms (cache hit)
298 http cache d3-zoom@https://registry.npmjs.org/d3-zoom/-/d3-zoom-3.0.0.tgz 0ms (cache hit)
299 http cache d3-transition@https://registry.npmjs.org/d3-transition/-/d3-transition-3.0.1.tgz 0ms (cache hit)
300 http cache d3-timer@https://registry.npmjs.org/d3-timer/-/d3-timer-3.0.1.tgz 0ms (cache hit)
301 http cache d3-shape@https://registry.npmjs.org/d3-shape/-/d3-shape-3.2.0.tgz 0ms (cache hit)
302 http cache d3-selection@https://registry.npmjs.org/d3-selection/-/d3-selection-3.0.0.tgz 0ms (cache hit)
303 http cache d3-time-format@https://registry.npmjs.org/d3-time-format/-/d3-time-format-4.1.0.tgz 0ms (cache hit)
304 http cache d3-time@https://registry.npmjs.org/d3-time/-/d3-time-3.1.0.tgz 0ms (cache hit)
305 http cache d3-scale@https://registry.npmjs.org/d3-scale/-/d3-scale-4.0.2.tgz 0ms (cache hit)
306 http cache d3-path@https://registry.npmjs.org/d3-path/-/d3-path-3.1.0.tgz 0ms (cache hit)
307 http cache d3-format@https://registry.npmjs.org/d3-format/-/d3-format-3.1.2.tgz 0ms (cache hit)
308 http cache d3-interpolate@https://registry.npmjs.org/d3-interpolate/-/d3-interpolate-3.0.1.tgz 0ms (cache hit)
309 http cache d3-drag@https://registry.npmjs.org/d3-drag/-/d3-drag-3.0.0.tgz 0ms (cache hit)
310 http cache d3-ease@https://registry.npmjs.org/d3-ease/-/d3-ease-3.0.1.tgz 0ms (cache hit)
311 http cache d3-dispatch@https://registry.npmjs.org/d3-dispatch/-/d3-dispatch-3.0.1.tgz 0ms (cache hit)
312 http cache d3-array@https://registry.npmjs.org/d3-array/-/d3-array-3.2.4.tgz 0ms (cache hit)
313 http cache d3-color@https://registry.npmjs.org/d3-color/-/d3-color-3.1.0.tgz 0ms (cache hit)
314 http cache csso@https://registry.npmjs.org/csso/-/csso-5.0.5.tgz 0ms (cache hit)
315 http cache cssesc@https://registry.npmjs.org/cssesc/-/cssesc-3.0.0.tgz 0ms (cache hit)
316 http cache csstype@https://registry.npmjs.org/csstype/-/csstype-3.2.3.tgz 0ms (cache hit)
317 http cache css-tree@https://registry.npmjs.org/css-tree/-/css-tree-3.2.1.tgz 0ms (cache hit)
318 http cache css-what@https://registry.npmjs.org/css-what/-/css-what-6.2.2.tgz 0ms (cache hit)
319 http cache css-select@https://registry.npmjs.org/css-select/-/css-select-5.2.2.tgz 0ms (cache hit)
320 http cache cookie-es@https://registry.npmjs.org/cookie-es/-/cookie-es-1.2.3.tgz 0ms (cache hit)
321 http cache cookie@https://registry.npmjs.org/cookie/-/cookie-1.1.1.tgz 0ms (cache hit)
322 http cache convert-source-map@https://registry.npmjs.org/convert-source-map/-/convert-source-map-2.0.0.tgz 0ms (cache hit)
323 http cache commander@https://registry.npmjs.org/commander/-/commander-11.1.0.tgz 0ms (cache hit)
324 http cache common-ancestor-path@https://registry.npmjs.org/common-ancestor-path/-/common-ancestor-path-1.0.1.tgz 0ms (cache hit)
325 http cache comma-separated-tokens@https://registry.npmjs.org/comma-separated-tokens/-/comma-separated-tokens-2.0.3.tgz 0ms (cache hit)
326 http cache crossws@https://registry.npmjs.org/crossws/-/crossws-0.3.5.tgz 0ms (cache hit)
327 http cache cli-boxes@https://registry.npmjs.org/cli-boxes/-/cli-boxes-3.0.0.tgz 0ms (cache hit)
328 http cache classcat@https://registry.npmjs.org/classcat/-/classcat-5.0.5.tgz 0ms (cache hit)
329 http cache clsx@https://registry.npmjs.org/clsx/-/clsx-2.1.1.tgz 0ms (cache hit)
330 http cache ci-info@https://registry.npmjs.org/ci-info/-/ci-info-4.4.0.tgz 0ms (cache hit)
331 http cache character-entities-legacy@https://registry.npmjs.org/character-entities-legacy/-/character-entities-legacy-3.0.0.tgz 0ms (cache hit)
332 http cache chokidar@https://registry.npmjs.org/chokidar/-/chokidar-5.0.0.tgz 0ms (cache hit)
333 http cache character-entities-html4@https://registry.npmjs.org/character-entities-html4/-/character-entities-html4-2.1.0.tgz 1ms (cache hit)
334 http cache chalk@https://registry.npmjs.org/chalk/-/chalk-5.6.2.tgz 0ms (cache hit)
335 http cache character-entities@https://registry.npmjs.org/character-entities/-/character-entities-2.0.2.tgz 0ms (cache hit)
336 http cache ccount@https://registry.npmjs.org/ccount/-/ccount-2.0.1.tgz 0ms (cache hit)
337 http cache camelcase-css@https://registry.npmjs.org/camelcase-css/-/camelcase-css-2.0.1.tgz 0ms (cache hit)
338 http cache caniuse-lite@https://registry.npmjs.org/caniuse-lite/-/caniuse-lite-1.0.30001784.tgz 1ms (cache hit)
339 http cache browserslist@https://registry.npmjs.org/browserslist/-/browserslist-4.28.2.tgz 0ms (cache hit)
340 http cache braces@https://registry.npmjs.org/braces/-/braces-3.0.3.tgz 0ms (cache hit)
341 http cache camelcase@https://registry.npmjs.org/camelcase/-/camelcase-8.0.0.tgz 0ms (cache hit)
342 http cache boxen@https://registry.npmjs.org/boxen/-/boxen-8.0.1.tgz 0ms (cache hit)
343 http cache baseline-browser-mapping@https://registry.npmjs.org/baseline-browser-mapping/-/baseline-browser-mapping-2.10.13.tgz 0ms (cache hit)
344 http cache boolbase@https://registry.npmjs.org/boolbase/-/boolbase-1.0.0.tgz 0ms (cache hit)
345 http cache base-64@https://registry.npmjs.org/base-64/-/base-64-1.0.0.tgz 0ms (cache hit)
346 http cache binary-extensions@https://registry.npmjs.org/binary-extensions/-/binary-extensions-2.3.0.tgz 0ms (cache hit)
347 http cache bail@https://registry.npmjs.org/bail/-/bail-2.0.2.tgz 0ms (cache hit)
348 http cache autoprefixer@https://registry.npmjs.org/autoprefixer/-/autoprefixer-10.4.27.tgz 0ms (cache hit)
349 http cache astro@https://registry.npmjs.org/astro/-/astro-5.18.1.tgz 0ms (cache hit)
350 http cache axobject-query@https://registry.npmjs.org/axobject-query/-/axobject-query-4.1.0.tgz 0ms (cache hit)
351 http cache array-iterate@https://registry.npmjs.org/array-iterate/-/array-iterate-2.0.1.tgz 0ms (cache hit)
352 http cache aria-query@https://registry.npmjs.org/aria-query/-/aria-query-5.3.2.tgz 0ms (cache hit)
353 http cache argparse@https://registry.npmjs.org/argparse/-/argparse-2.0.1.tgz 0ms (cache hit)
354 http cache arg@https://registry.npmjs.org/arg/-/arg-5.0.2.tgz 0ms (cache hit)
355 http cache any-promise@https://registry.npmjs.org/any-promise/-/any-promise-1.3.0.tgz 0ms (cache hit)
356 http cache ansi-styles@https://registry.npmjs.org/ansi-styles/-/ansi-styles-6.2.3.tgz 0ms (cache hit)
357 http cache anymatch@https://registry.npmjs.org/anymatch/-/anymatch-3.1.3.tgz 0ms (cache hit)
358 http cache @vitejs/plugin-react@https://registry.npmjs.org/@vitejs/plugin-react/-/plugin-react-4.7.0.tgz 0ms (cache hit)
359 http cache @ungap/structured-clone@https://registry.npmjs.org/@ungap/structured-clone/-/structured-clone-1.3.0.tgz 0ms (cache hit)
360 http cache ansi-regex@https://registry.npmjs.org/ansi-regex/-/ansi-regex-6.2.2.tgz 0ms (cache hit)
361 http cache acorn@https://registry.npmjs.org/acorn/-/acorn-8.16.0.tgz 0ms (cache hit)
362 http cache @types/react-dom@https://registry.npmjs.org/@types/react-dom/-/react-dom-18.3.7.tgz 0ms (cache hit)
363 http cache @types/unist@https://registry.npmjs.org/@types/unist/-/unist-3.0.3.tgz 0ms (cache hit)
364 http cache @types/react@https://registry.npmjs.org/@types/react/-/react-18.3.28.tgz 0ms (cache hit)
365 http cache @types/prop-types@https://registry.npmjs.org/@types/prop-types/-/prop-types-15.7.15.tgz 0ms (cache hit)
366 http cache @types/nlcst@https://registry.npmjs.org/@types/nlcst/-/nlcst-2.0.3.tgz 0ms (cache hit)
367 http cache ansi-align@https://registry.npmjs.org/ansi-align/-/ansi-align-3.0.1.tgz 0ms (cache hit)
368 http cache @types/hast@https://registry.npmjs.org/@types/hast/-/hast-3.0.4.tgz 0ms (cache hit)
369 http cache @types/ms@https://registry.npmjs.org/@types/ms/-/ms-2.1.0.tgz 0ms (cache hit)
370 http cache @types/mdast@https://registry.npmjs.org/@types/mdast/-/mdast-4.0.4.tgz 0ms (cache hit)
371 http cache @types/estree@https://registry.npmjs.org/@types/estree/-/estree-1.0.8.tgz 0ms (cache hit)
372 http cache @types/d3-zoom@https://registry.npmjs.org/@types/d3-zoom/-/d3-zoom-3.0.8.tgz 0ms (cache hit)
373 http cache @types/debug@https://registry.npmjs.org/@types/debug/-/debug-4.1.13.tgz 0ms (cache hit)
374 http cache @types/d3-timer@https://registry.npmjs.org/@types/d3-timer/-/d3-timer-3.0.2.tgz 0ms (cache hit)
375 http cache @types/d3-time-format@https://registry.npmjs.org/@types/d3-time-format/-/d3-time-format-4.0.3.tgz 0ms (cache hit)
376 http cache @types/d3-transition@https://registry.npmjs.org/@types/d3-transition/-/d3-transition-3.0.9.tgz 0ms (cache hit)
377 http cache @types/d3-shape@https://registry.npmjs.org/@types/d3-shape/-/d3-shape-3.1.8.tgz 0ms (cache hit)
378 http cache @types/d3-time@https://registry.npmjs.org/@types/d3-time/-/d3-time-3.0.4.tgz 0ms (cache hit)
379 http cache @types/d3-scale@https://registry.npmjs.org/@types/d3-scale/-/d3-scale-4.0.9.tgz 0ms (cache hit)
380 http cache @types/d3-selection@https://registry.npmjs.org/@types/d3-selection/-/d3-selection-3.0.11.tgz 0ms (cache hit)
381 http cache @types/d3-random@https://registry.npmjs.org/@types/d3-random/-/d3-random-3.0.3.tgz 0ms (cache hit)
382 http cache @types/d3-scale-chromatic@https://registry.npmjs.org/@types/d3-scale-chromatic/-/d3-scale-chromatic-3.1.0.tgz 0ms (cache hit)
383 http cache @types/geojson@https://registry.npmjs.org/@types/geojson/-/geojson-7946.0.16.tgz 1ms (cache hit)
384 http cache @types/d3-polygon@https://registry.npmjs.org/@types/d3-polygon/-/d3-polygon-3.0.2.tgz 0ms (cache hit)
385 http cache @types/d3-quadtree@https://registry.npmjs.org/@types/d3-quadtree/-/d3-quadtree-3.0.6.tgz 0ms (cache hit)
386 http cache @types/d3-path@https://registry.npmjs.org/@types/d3-path/-/d3-path-3.1.1.tgz 0ms (cache hit)
387 http cache @types/d3-interpolate@https://registry.npmjs.org/@types/d3-interpolate/-/d3-interpolate-3.0.4.tgz 0ms (cache hit)
388 http cache @types/d3-hierarchy@https://registry.npmjs.org/@types/d3-hierarchy/-/d3-hierarchy-3.1.7.tgz 0ms (cache hit)
389 http cache @types/d3-force@https://registry.npmjs.org/@types/d3-force/-/d3-force-3.0.10.tgz 1ms (cache hit)
390 http cache @types/d3-format@https://registry.npmjs.org/@types/d3-format/-/d3-format-3.0.4.tgz 0ms (cache hit)
391 http cache @types/d3-ease@https://registry.npmjs.org/@types/d3-ease/-/d3-ease-3.0.2.tgz 0ms (cache hit)
392 http cache @types/d3-fetch@https://registry.npmjs.org/@types/d3-fetch/-/d3-fetch-3.0.7.tgz 0ms (cache hit)
393 http cache @types/d3-geo@https://registry.npmjs.org/@types/d3-geo/-/d3-geo-3.1.0.tgz 0ms (cache hit)
394 http cache @types/d3-dispatch@https://registry.npmjs.org/@types/d3-dispatch/-/d3-dispatch-3.0.7.tgz 0ms (cache hit)
395 http cache @types/d3-delaunay@https://registry.npmjs.org/@types/d3-delaunay/-/d3-delaunay-6.0.4.tgz 0ms (cache hit)
396 http cache @types/d3-drag@https://registry.npmjs.org/@types/d3-drag/-/d3-drag-3.0.7.tgz 0ms (cache hit)
397 http cache @types/d3-dsv@https://registry.npmjs.org/@types/d3-dsv/-/d3-dsv-3.0.7.tgz 0ms (cache hit)
398 http cache @types/d3-contour@https://registry.npmjs.org/@types/d3-contour/-/d3-contour-3.0.6.tgz 0ms (cache hit)
399 http cache @types/d3-chord@https://registry.npmjs.org/@types/d3-chord/-/d3-chord-3.0.6.tgz 0ms (cache hit)
400 http cache @types/d3-array@https://registry.npmjs.org/@types/d3-array/-/d3-array-3.2.2.tgz 0ms (cache hit)
401 http cache @types/d3-axis@https://registry.npmjs.org/@types/d3-axis/-/d3-axis-3.0.6.tgz 0ms (cache hit)
402 http cache @types/babel__traverse@https://registry.npmjs.org/@types/babel__traverse/-/babel__traverse-7.28.0.tgz 0ms (cache hit)
403 http cache @types/d3-color@https://registry.npmjs.org/@types/d3-color/-/d3-color-3.1.3.tgz 0ms (cache hit)
404 http cache @types/d3-brush@https://registry.npmjs.org/@types/d3-brush/-/d3-brush-3.0.6.tgz 0ms (cache hit)
405 http cache @types/d3@https://registry.npmjs.org/@types/d3/-/d3-7.4.3.tgz 0ms (cache hit)
406 http cache @types/babel__template@https://registry.npmjs.org/@types/babel__template/-/babel__template-7.4.4.tgz 0ms (cache hit)
407 http cache @shikijs/types@https://registry.npmjs.org/@shikijs/types/-/types-3.23.0.tgz 0ms (cache hit)
408 http cache @types/babel__generator@https://registry.npmjs.org/@types/babel__generator/-/babel__generator-7.27.0.tgz 0ms (cache hit)
409 http cache @types/babel__core@https://registry.npmjs.org/@types/babel__core/-/babel__core-7.20.5.tgz 0ms (cache hit)
410 http cache @shikijs/vscode-textmate@https://registry.npmjs.org/@shikijs/vscode-textmate/-/vscode-textmate-10.0.2.tgz 0ms (cache hit)
411 http cache @shikijs/engine-javascript@https://registry.npmjs.org/@shikijs/engine-javascript/-/engine-javascript-3.23.0.tgz 0ms (cache hit)
412 http cache @shikijs/themes@https://registry.npmjs.org/@shikijs/themes/-/themes-3.23.0.tgz 0ms (cache hit)
413 http cache @shikijs/langs@https://registry.npmjs.org/@shikijs/langs/-/langs-3.23.0.tgz 0ms (cache hit)
414 http cache @shikijs/core@https://registry.npmjs.org/@shikijs/core/-/core-3.23.0.tgz 1ms (cache hit)
415 http cache @rollup/rollup-win32-x64-msvc@https://registry.npmjs.org/@rollup/rollup-win32-x64-msvc/-/rollup-win32-x64-msvc-4.60.1.tgz 0ms (cache hit)
416 http cache @rollup/rollup-win32-x64-gnu@https://registry.npmjs.org/@rollup/rollup-win32-x64-gnu/-/rollup-win32-x64-gnu-4.60.1.tgz 0ms (cache hit)
417 http cache @rolldown/pluginutils@https://registry.npmjs.org/@rolldown/pluginutils/-/pluginutils-1.0.0-beta.27.tgz 0ms (cache hit)
418 http cache @shikijs/engine-oniguruma@https://registry.npmjs.org/@shikijs/engine-oniguruma/-/engine-oniguruma-3.23.0.tgz 0ms (cache hit)
419 http cache @rollup/pluginutils@https://registry.npmjs.org/@rollup/pluginutils/-/pluginutils-5.3.0.tgz 0ms (cache hit)
420 http cache @reactflow/node-toolbar@https://registry.npmjs.org/@reactflow/node-toolbar/-/node-toolbar-1.3.14.tgz 0ms (cache hit)
421 http cache @reactflow/minimap@https://registry.npmjs.org/@reactflow/minimap/-/minimap-11.7.14.tgz 0ms (cache hit)
422 http cache @reactflow/node-resizer@https://registry.npmjs.org/@reactflow/node-resizer/-/node-resizer-2.2.14.tgz 0ms (cache hit)
423 http cache @oslojs/encoding@https://registry.npmjs.org/@oslojs/encoding/-/encoding-1.1.0.tgz 0ms (cache hit)
424 http cache @reactflow/core@https://registry.npmjs.org/@reactflow/core/-/core-11.11.4.tgz 0ms (cache hit)
425 http cache @nodelib/fs.walk@https://registry.npmjs.org/@nodelib/fs.walk/-/fs.walk-1.2.8.tgz 0ms (cache hit)
426 http cache @reactflow/background@https://registry.npmjs.org/@reactflow/background/-/background-11.3.14.tgz 0ms (cache hit)
427 http cache @nodelib/fs.scandir@https://registry.npmjs.org/@nodelib/fs.scandir/-/fs.scandir-2.1.5.tgz 0ms (cache hit)
428 http cache @nanostores/react@https://registry.npmjs.org/@nanostores/react/-/react-1.1.0.tgz 0ms (cache hit)
429 http cache @reactflow/controls@https://registry.npmjs.org/@reactflow/controls/-/controls-11.2.14.tgz 0ms (cache hit)
430 http cache @jridgewell/trace-mapping@https://registry.npmjs.org/@jridgewell/trace-mapping/-/trace-mapping-0.3.31.tgz 0ms (cache hit)
431 http cache @nodelib/fs.stat@https://registry.npmjs.org/@nodelib/fs.stat/-/fs.stat-2.0.5.tgz 0ms (cache hit)
432 http cache @jridgewell/remapping@https://registry.npmjs.org/@jridgewell/remapping/-/remapping-2.3.5.tgz 0ms (cache hit)
433 http cache @jridgewell/resolve-uri@https://registry.npmjs.org/@jridgewell/resolve-uri/-/resolve-uri-3.1.2.tgz 0ms (cache hit)
434 http cache @jridgewell/gen-mapping@https://registry.npmjs.org/@jridgewell/gen-mapping/-/gen-mapping-0.3.13.tgz 0ms (cache hit)
435 http cache @jridgewell/sourcemap-codec@https://registry.npmjs.org/@jridgewell/sourcemap-codec/-/sourcemap-codec-1.5.5.tgz 0ms (cache hit)
436 http cache @esbuild/win32-x64@https://registry.npmjs.org/@esbuild/win32-x64/-/win32-x64-0.27.5.tgz 0ms (cache hit)
437 http cache @img/colour@https://registry.npmjs.org/@img/colour/-/colour-1.1.0.tgz 0ms (cache hit)
438 http cache @img/sharp-win32-x64@https://registry.npmjs.org/@img/sharp-win32-x64/-/sharp-win32-x64-0.34.5.tgz 0ms (cache hit)
439 http cache @babel/types@https://registry.npmjs.org/@babel/types/-/types-7.29.0.tgz 0ms (cache hit)
440 http cache @capsizecss/unpack@https://registry.npmjs.org/@capsizecss/unpack/-/unpack-4.0.0.tgz 0ms (cache hit)
441 http cache @babel/template@https://registry.npmjs.org/@babel/template/-/template-7.28.6.tgz 0ms (cache hit)
442 http cache @babel/runtime@https://registry.npmjs.org/@babel/runtime/-/runtime-7.29.2.tgz 0ms (cache hit)
443 http cache @babel/helpers@https://registry.npmjs.org/@babel/helpers/-/helpers-7.29.2.tgz 0ms (cache hit)
444 http cache @babel/traverse@https://registry.npmjs.org/@babel/traverse/-/traverse-7.29.0.tgz 0ms (cache hit)
445 http cache @babel/plugin-transform-react-jsx-source@https://registry.npmjs.org/@babel/plugin-transform-react-jsx-source/-/plugin-transform-react-jsx-source-7.27.1.tgz 0ms (cache hit)
446 http cache @babel/plugin-transform-react-jsx-self@https://registry.npmjs.org/@babel/plugin-transform-react-jsx-self/-/plugin-transform-react-jsx-self-7.27.1.tgz 0ms (cache hit)
447 http cache @babel/parser@https://registry.npmjs.org/@babel/parser/-/parser-7.29.2.tgz 0ms (cache hit)
448 http cache @babel/helper-validator-identifier@https://registry.npmjs.org/@babel/helper-validator-identifier/-/helper-validator-identifier-7.28.5.tgz 0ms (cache hit)
449 http cache @babel/helper-plugin-utils@https://registry.npmjs.org/@babel/helper-plugin-utils/-/helper-plugin-utils-7.28.6.tgz 0ms (cache hit)
450 http cache @babel/helper-validator-option@https://registry.npmjs.org/@babel/helper-validator-option/-/helper-validator-option-7.27.1.tgz 0ms (cache hit)
451 http cache @babel/helper-string-parser@https://registry.npmjs.org/@babel/helper-string-parser/-/helper-string-parser-7.27.1.tgz 0ms (cache hit)
452 http cache @babel/helper-module-imports@https://registry.npmjs.org/@babel/helper-module-imports/-/helper-module-imports-7.28.6.tgz 0ms (cache hit)
453 http cache @babel/helper-module-transforms@https://registry.npmjs.org/@babel/helper-module-transforms/-/helper-module-transforms-7.28.6.tgz 0ms (cache hit)
454 http cache @babel/generator@https://registry.npmjs.org/@babel/generator/-/generator-7.29.1.tgz 1ms (cache hit)
455 http cache @babel/helper-compilation-targets@https://registry.npmjs.org/@babel/helper-compilation-targets/-/helper-compilation-targets-7.28.6.tgz 0ms (cache hit)
456 http cache @babel/helper-globals@https://registry.npmjs.org/@babel/helper-globals/-/helper-globals-7.28.0.tgz 0ms (cache hit)
457 http cache @babel/core@https://registry.npmjs.org/@babel/core/-/core-7.29.0.tgz 0ms (cache hit)
458 http cache @babel/compat-data@https://registry.npmjs.org/@babel/compat-data/-/compat-data-7.29.0.tgz 0ms (cache hit)
459 http cache @astrojs/react@https://registry.npmjs.org/@astrojs/react/-/react-4.4.2.tgz 0ms (cache hit)
460 http cache @babel/code-frame@https://registry.npmjs.org/@babel/code-frame/-/code-frame-7.29.0.tgz 0ms (cache hit)
461 http cache @astrojs/tailwind@https://registry.npmjs.org/@astrojs/tailwind/-/tailwind-5.1.5.tgz 0ms (cache hit)
462 http cache @astrojs/telemetry@https://registry.npmjs.org/@astrojs/telemetry/-/telemetry-3.3.0.tgz 0ms (cache hit)
463 http cache @astrojs/prism@https://registry.npmjs.org/@astrojs/prism/-/prism-3.3.0.tgz 0ms (cache hit)
464 http cache @astrojs/internal-helpers@https://registry.npmjs.org/@astrojs/internal-helpers/-/internal-helpers-0.7.6.tgz 0ms (cache hit)
465 http cache @astrojs/markdown-remark@https://registry.npmjs.org/@astrojs/markdown-remark/-/markdown-remark-6.3.11.tgz 0ms (cache hit)
466 http cache @astrojs/compiler@https://registry.npmjs.org/@astrojs/compiler/-/compiler-2.13.1.tgz 0ms (cache hit)
467 http cache @esbuild/win32-x64@https://registry.npmjs.org/@esbuild/win32-x64/-/win32-x64-0.25.12.tgz 0ms (cache hit)
468 http cache lru-cache@https://registry.npmjs.org/lru-cache/-/lru-cache-11.2.7.tgz 0ms (cache hit)
469 http cache readdirp@https://registry.npmjs.org/readdirp/-/readdirp-3.6.0.tgz 0ms (cache hit)
470 http cache glob-parent@https://registry.npmjs.org/glob-parent/-/glob-parent-5.1.2.tgz 0ms (cache hit)
471 http cache @alloc/quick-lru@https://registry.npmjs.org/@alloc/quick-lru/-/quick-lru-5.2.0.tgz 0ms (cache hit)
472 http cache esbuild@https://registry.npmjs.org/esbuild/-/esbuild-0.25.12.tgz 0ms (cache hit)
473 http cache commander@https://registry.npmjs.org/commander/-/commander-4.1.1.tgz 0ms (cache hit)
474 http cache picomatch@https://registry.npmjs.org/picomatch/-/picomatch-2.3.2.tgz 0ms (cache hit)
475 http cache eventemitter3@https://registry.npmjs.org/eventemitter3/-/eventemitter3-4.0.7.tgz 0ms (cache hit)
476 http cache kleur@https://registry.npmjs.org/kleur/-/kleur-3.0.3.tgz 0ms (cache hit)
477 http cache semver@https://registry.npmjs.org/semver/-/semver-7.7.4.tgz 0ms (cache hit)
478 http cache chokidar@https://registry.npmjs.org/chokidar/-/chokidar-3.6.0.tgz 0ms (cache hit)
479 http cache jiti@https://registry.npmjs.org/jiti/-/jiti-1.21.7.tgz 0ms (cache hit)
480 http cache react-is@https://registry.npmjs.org/react-is/-/react-is-16.13.1.tgz 0ms (cache hit)
481 http cache entities@https://registry.npmjs.org/entities/-/entities-6.0.1.tgz 0ms (cache hit)
482 http cache entities@https://registry.npmjs.org/entities/-/entities-4.5.0.tgz 0ms (cache hit)
483 http cache glob-parent@https://registry.npmjs.org/glob-parent/-/glob-parent-5.1.2.tgz 0ms (cache hit)
484 http cache picomatch@https://registry.npmjs.org/picomatch/-/picomatch-2.3.2.tgz 0ms (cache hit)
485 http cache mdn-data@https://registry.npmjs.org/mdn-data/-/mdn-data-2.0.28.tgz 0ms (cache hit)
486 http cache picomatch@https://registry.npmjs.org/picomatch/-/picomatch-2.3.2.tgz 0ms (cache hit)
487 http cache css-tree@https://registry.npmjs.org/css-tree/-/css-tree-2.2.1.tgz 0ms (cache hit)
488 http cache semver@https://registry.npmjs.org/semver/-/semver-7.7.4.tgz 0ms (cache hit)
489 http cache string-width@https://registry.npmjs.org/string-width/-/string-width-4.2.3.tgz 0ms (cache hit)
490 http cache estree-walker@https://registry.npmjs.org/estree-walker/-/estree-walker-3.0.3.tgz 0ms (cache hit)
491 http cache strip-ansi@https://registry.npmjs.org/strip-ansi/-/strip-ansi-6.0.1.tgz 0ms (cache hit)
492 silly tarball no local data for zwitch@https://registry.npmjs.org/zwitch/-/zwitch-2.0.4.tgz. Extracting by manifest.
493 http cache emoji-regex@https://registry.npmjs.org/emoji-regex/-/emoji-regex-8.0.0.tgz 0ms (cache hit)
494 silly tarball no local data for typescript@https://registry.npmjs.org/typescript/-/typescript-5.9.3.tgz. Extracting by manifest.
495 silly tarball no local data for zustand@https://registry.npmjs.org/zustand/-/zustand-4.5.7.tgz. Extracting by manifest.
496 silly tarball no local data for zod-to-json-schema@https://registry.npmjs.org/zod-to-json-schema/-/zod-to-json-schema-3.25.2.tgz. Extracting by manifest.
497 silly tarball no local data for zod@https://registry.npmjs.org/zod/-/zod-3.25.76.tgz. Extracting by manifest.
498 http cache ansi-regex@https://registry.npmjs.org/ansi-regex/-/ansi-regex-5.0.1.tgz 0ms (cache hit)
499 silly tarball no local data for yocto-spinner@https://registry.npmjs.org/yocto-spinner/-/yocto-spinner-0.2.3.tgz. Extracting by manifest.
500 silly tarball no local data for zod-to-ts@https://registry.npmjs.org/zod-to-ts/-/zod-to-ts-1.2.0.tgz. Extracting by manifest.
501 silly tarball no local data for yocto-queue@https://registry.npmjs.org/yocto-queue/-/yocto-queue-1.2.2.tgz. Extracting by manifest.
502 silly tarball no local data for yaml@https://registry.npmjs.org/yaml/-/yaml-2.8.3.tgz. Extracting by manifest.
503 silly tarball no local data for yoctocolors@https://registry.npmjs.org/yoctocolors/-/yoctocolors-2.1.2.tgz. Extracting by manifest.
504 silly tarball no local data for xxhash-wasm@https://registry.npmjs.org/xxhash-wasm/-/xxhash-wasm-1.1.0.tgz. Extracting by manifest.
505 silly tarball no local data for yargs-parser@https://registry.npmjs.org/yargs-parser/-/yargs-parser-21.1.1.tgz. Extracting by manifest.
506 silly tarball no local data for yallist@https://registry.npmjs.org/yallist/-/yallist-3.1.1.tgz. Extracting by manifest.
507 silly tarball no local data for widest-line@https://registry.npmjs.org/widest-line/-/widest-line-5.0.0.tgz. Extracting by manifest.
508 silly tarball no local data for wrap-ansi@https://registry.npmjs.org/wrap-ansi/-/wrap-ansi-9.0.2.tgz. Extracting by manifest.
509 silly tarball no local data for which-pm-runs@https://registry.npmjs.org/which-pm-runs/-/which-pm-runs-1.1.0.tgz. Extracting by manifest.
510 silly tarball no local data for web-namespaces@https://registry.npmjs.org/web-namespaces/-/web-namespaces-2.0.1.tgz. Extracting by manifest.
511 silly tarball no local data for vitefu@https://registry.npmjs.org/vitefu/-/vitefu-1.1.3.tgz. Extracting by manifest.
512 silly tarball no local data for vite@https://registry.npmjs.org/vite/-/vite-6.4.1.tgz. Extracting by manifest.
513 silly tarball no local data for vfile-location@https://registry.npmjs.org/vfile-location/-/vfile-location-5.0.3.tgz. Extracting by manifest.
514 silly tarball no local data for victory-vendor@https://registry.npmjs.org/victory-vendor/-/victory-vendor-36.9.2.tgz. Extracting by manifest.
515 silly tarball no local data for util-deprecate@https://registry.npmjs.org/util-deprecate/-/util-deprecate-1.0.2.tgz. Extracting by manifest.
516 silly tarball no local data for vfile@https://registry.npmjs.org/vfile/-/vfile-6.0.3.tgz. Extracting by manifest.
517 silly tarball no local data for vfile-message@https://registry.npmjs.org/vfile-message/-/vfile-message-4.0.3.tgz. Extracting by manifest.
518 silly tarball no local data for update-browserslist-db@https://registry.npmjs.org/update-browserslist-db/-/update-browserslist-db-1.2.3.tgz. Extracting by manifest.
519 silly tarball no local data for use-sync-external-store@https://registry.npmjs.org/use-sync-external-store/-/use-sync-external-store-1.6.0.tgz. Extracting by manifest.
520 silly tarball no local data for unstorage@https://registry.npmjs.org/unstorage/-/unstorage-1.17.5.tgz. Extracting by manifest.
521 silly tarball no local data for unist-util-visit-parents@https://registry.npmjs.org/unist-util-visit-parents/-/unist-util-visit-parents-6.0.2.tgz. Extracting by manifest.
522 silly tarball no local data for unist-util-visit@https://registry.npmjs.org/unist-util-visit/-/unist-util-visit-5.1.0.tgz. Extracting by manifest.
523 silly tarball no local data for unist-util-stringify-position@https://registry.npmjs.org/unist-util-stringify-position/-/unist-util-stringify-position-4.0.0.tgz. Extracting by manifest.
524 silly tarball no local data for unist-util-visit-children@https://registry.npmjs.org/unist-util-visit-children/-/unist-util-visit-children-3.0.0.tgz. Extracting by manifest.
525 silly tarball no local data for unist-util-remove-position@https://registry.npmjs.org/unist-util-remove-position/-/unist-util-remove-position-5.0.0.tgz. Extracting by manifest.
526 silly tarball no local data for unist-util-modify-children@https://registry.npmjs.org/unist-util-modify-children/-/unist-util-modify-children-4.0.0.tgz. Extracting by manifest.
527 silly tarball no local data for unist-util-is@https://registry.npmjs.org/unist-util-is/-/unist-util-is-6.0.1.tgz. Extracting by manifest.
528 silly tarball no local data for unifont@https://registry.npmjs.org/unifont/-/unifont-0.7.4.tgz. Extracting by manifest.
529 silly tarball no local data for unist-util-find-after@https://registry.npmjs.org/unist-util-find-after/-/unist-util-find-after-5.0.0.tgz. Extracting by manifest.
530 silly tarball no local data for unified@https://registry.npmjs.org/unified/-/unified-11.0.5.tgz. Extracting by manifest.
531 silly tarball no local data for unist-util-position@https://registry.npmjs.org/unist-util-position/-/unist-util-position-5.0.0.tgz. Extracting by manifest.
532 silly tarball no local data for ufo@https://registry.npmjs.org/ufo/-/ufo-1.6.3.tgz. Extracting by manifest.
533 silly tarball no local data for ultrahtml@https://registry.npmjs.org/ultrahtml/-/ultrahtml-1.6.0.tgz. Extracting by manifest.
534 silly tarball no local data for uncrypto@https://registry.npmjs.org/uncrypto/-/uncrypto-0.1.3.tgz. Extracting by manifest.
535 silly tarball no local data for tslib@https://registry.npmjs.org/tslib/-/tslib-2.8.1.tgz. Extracting by manifest.
536 silly tarball no local data for tsconfck@https://registry.npmjs.org/tsconfck/-/tsconfck-3.1.6.tgz. Extracting by manifest.
537 silly tarball no local data for type-fest@https://registry.npmjs.org/type-fest/-/type-fest-4.41.0.tgz. Extracting by manifest.
538 silly tarball no local data for trough@https://registry.npmjs.org/trough/-/trough-2.2.0.tgz. Extracting by manifest.
539 silly tarball no local data for ts-interface-checker@https://registry.npmjs.org/ts-interface-checker/-/ts-interface-checker-0.1.13.tgz. Extracting by manifest.
540 silly tarball no local data for trim-lines@https://registry.npmjs.org/trim-lines/-/trim-lines-3.0.1.tgz. Extracting by manifest.
541 silly tarball no local data for tinyglobby@https://registry.npmjs.org/tinyglobby/-/tinyglobby-0.2.15.tgz. Extracting by manifest.
542 silly tarball no local data for tinyexec@https://registry.npmjs.org/tinyexec/-/tinyexec-1.0.4.tgz. Extracting by manifest.
543 silly tarball no local data for to-regex-range@https://registry.npmjs.org/to-regex-range/-/to-regex-range-5.0.1.tgz. Extracting by manifest.
544 silly tarball no local data for tiny-inflate@https://registry.npmjs.org/tiny-inflate/-/tiny-inflate-1.0.3.tgz. Extracting by manifest.
545 silly tarball no local data for tiny-invariant@https://registry.npmjs.org/tiny-invariant/-/tiny-invariant-1.3.3.tgz. Extracting by manifest.
546 silly tarball no local data for thenify@https://registry.npmjs.org/thenify/-/thenify-3.3.1.tgz. Extracting by manifest.
547 silly tarball no local data for tailwindcss@https://registry.npmjs.org/tailwindcss/-/tailwindcss-3.4.19.tgz. Extracting by manifest.
548 silly tarball no local data for supports-preserve-symlinks-flag@https://registry.npmjs.org/supports-preserve-symlinks-flag/-/supports-preserve-symlinks-flag-1.0.0.tgz. Extracting by manifest.
549 silly tarball no local data for thenify-all@https://registry.npmjs.org/thenify-all/-/thenify-all-1.6.0.tgz. Extracting by manifest.
550 silly tarball no local data for svgo@https://registry.npmjs.org/svgo/-/svgo-4.0.1.tgz. Extracting by manifest.
551 silly tarball no local data for tailwind-merge@https://registry.npmjs.org/tailwind-merge/-/tailwind-merge-2.6.1.tgz. Extracting by manifest.
552 silly tarball no local data for sucrase@https://registry.npmjs.org/sucrase/-/sucrase-3.35.1.tgz. Extracting by manifest.
553 silly tarball no local data for stringify-entities@https://registry.npmjs.org/stringify-entities/-/stringify-entities-4.0.4.tgz. Extracting by manifest.
554 silly tarball no local data for strip-ansi@https://registry.npmjs.org/strip-ansi/-/strip-ansi-7.2.0.tgz. Extracting by manifest.
555 silly tarball no local data for string-width@https://registry.npmjs.org/string-width/-/string-width-7.2.0.tgz. Extracting by manifest.
556 silly tarball no local data for space-separated-tokens@https://registry.npmjs.org/space-separated-tokens/-/space-separated-tokens-2.0.2.tgz. Extracting by manifest.
557 silly tarball no local data for smol-toml@https://registry.npmjs.org/smol-toml/-/smol-toml-1.6.1.tgz. Extracting by manifest.
558 silly tarball no local data for source-map-js@https://registry.npmjs.org/source-map-js/-/source-map-js-1.2.1.tgz. Extracting by manifest.
559 silly tarball no local data for sisteransi@https://registry.npmjs.org/sisteransi/-/sisteransi-1.0.5.tgz. Extracting by manifest.
560 silly tarball no local data for shiki@https://registry.npmjs.org/shiki/-/shiki-3.23.0.tgz. Extracting by manifest.
561 silly tarball no local data for semver@https://registry.npmjs.org/semver/-/semver-6.3.1.tgz. Extracting by manifest.
562 silly tarball no local data for sharp@https://registry.npmjs.org/sharp/-/sharp-0.34.5.tgz. Extracting by manifest.
563 silly tarball no local data for scheduler@https://registry.npmjs.org/scheduler/-/scheduler-0.23.2.tgz. Extracting by manifest.
564 silly tarball no local data for run-parallel@https://registry.npmjs.org/run-parallel/-/run-parallel-1.2.0.tgz. Extracting by manifest.
565 silly tarball no local data for retext-stringify@https://registry.npmjs.org/retext-stringify/-/retext-stringify-4.0.0.tgz. Extracting by manifest.
566 silly tarball no local data for sax@https://registry.npmjs.org/sax/-/sax-1.6.0.tgz. Extracting by manifest.
567 silly tarball no local data for rollup@https://registry.npmjs.org/rollup/-/rollup-4.60.1.tgz. Extracting by manifest.
568 silly tarball no local data for reusify@https://registry.npmjs.org/reusify/-/reusify-1.1.0.tgz. Extracting by manifest.
569 silly tarball no local data for retext-smartypants@https://registry.npmjs.org/retext-smartypants/-/retext-smartypants-6.2.0.tgz. Extracting by manifest.
570 silly tarball no local data for resolve@https://registry.npmjs.org/resolve/-/resolve-1.22.11.tgz. Extracting by manifest.
571 silly tarball no local data for retext@https://registry.npmjs.org/retext/-/retext-9.0.0.tgz. Extracting by manifest.
572 silly tarball no local data for retext-latin@https://registry.npmjs.org/retext-latin/-/retext-latin-4.0.0.tgz. Extracting by manifest.
573 silly tarball no local data for remark-stringify@https://registry.npmjs.org/remark-stringify/-/remark-stringify-11.0.0.tgz. Extracting by manifest.
574 silly tarball no local data for remark-smartypants@https://registry.npmjs.org/remark-smartypants/-/remark-smartypants-3.0.2.tgz. Extracting by manifest.
575 silly tarball no local data for remark-rehype@https://registry.npmjs.org/remark-rehype/-/remark-rehype-11.1.2.tgz. Extracting by manifest.
576 silly tarball no local data for remark-parse@https://registry.npmjs.org/remark-parse/-/remark-parse-11.0.0.tgz. Extracting by manifest.
577 silly tarball no local data for remark-gfm@https://registry.npmjs.org/remark-gfm/-/remark-gfm-4.0.1.tgz. Extracting by manifest.
578 silly tarball no local data for rehype-parse@https://registry.npmjs.org/rehype-parse/-/rehype-parse-9.0.1.tgz. Extracting by manifest.
579 silly tarball no local data for rehype-raw@https://registry.npmjs.org/rehype-raw/-/rehype-raw-7.0.0.tgz. Extracting by manifest.
580 silly tarball no local data for rehype-stringify@https://registry.npmjs.org/rehype-stringify/-/rehype-stringify-10.0.1.tgz. Extracting by manifest.
581 silly tarball no local data for regex-utilities@https://registry.npmjs.org/regex-utilities/-/regex-utilities-2.3.0.tgz. Extracting by manifest.
582 silly tarball no local data for rehype@https://registry.npmjs.org/rehype/-/rehype-13.0.2.tgz. Extracting by manifest.
583 silly tarball no local data for regex-recursion@https://registry.npmjs.org/regex-recursion/-/regex-recursion-6.0.2.tgz. Extracting by manifest.
584 silly tarball no local data for regex@https://registry.npmjs.org/regex/-/regex-6.1.0.tgz. Extracting by manifest.
585 silly tarball no local data for recharts-scale@https://registry.npmjs.org/recharts-scale/-/recharts-scale-0.4.5.tgz. Extracting by manifest.
586 silly tarball no local data for recharts@https://registry.npmjs.org/recharts/-/recharts-2.15.4.tgz. Extracting by manifest.
587 silly tarball no local data for readdirp@https://registry.npmjs.org/readdirp/-/readdirp-5.0.0.tgz. Extracting by manifest.
588 silly tarball no local data for read-cache@https://registry.npmjs.org/read-cache/-/read-cache-1.0.0.tgz. Extracting by manifest.
589 silly tarball no local data for reactflow@https://registry.npmjs.org/reactflow/-/reactflow-11.11.4.tgz. Extracting by manifest.
590 silly tarball no local data for react-transition-group@https://registry.npmjs.org/react-transition-group/-/react-transition-group-4.4.5.tgz. Extracting by manifest.
591 silly tarball no local data for react-smooth@https://registry.npmjs.org/react-smooth/-/react-smooth-4.0.4.tgz. Extracting by manifest.
592 silly tarball no local data for react-is@https://registry.npmjs.org/react-is/-/react-is-18.3.1.tgz. Extracting by manifest.
593 silly tarball no local data for react-refresh@https://registry.npmjs.org/react-refresh/-/react-refresh-0.17.0.tgz. Extracting by manifest.
594 silly tarball no local data for react-dom@https://registry.npmjs.org/react-dom/-/react-dom-18.3.1.tgz. Extracting by manifest.
595 silly tarball no local data for react@https://registry.npmjs.org/react/-/react-18.3.1.tgz. Extracting by manifest.
596 silly tarball no local data for queue-microtask@https://registry.npmjs.org/queue-microtask/-/queue-microtask-1.2.3.tgz. Extracting by manifest.
597 silly tarball no local data for radix3@https://registry.npmjs.org/radix3/-/radix3-1.1.2.tgz. Extracting by manifest.
598 silly tarball no local data for prop-types@https://registry.npmjs.org/prop-types/-/prop-types-15.8.1.tgz. Extracting by manifest.
599 silly tarball no local data for property-information@https://registry.npmjs.org/property-information/-/property-information-7.1.0.tgz. Extracting by manifest.
600 silly tarball no local data for postcss-value-parser@https://registry.npmjs.org/postcss-value-parser/-/postcss-value-parser-4.2.0.tgz. Extracting by manifest.
601 silly tarball no local data for prompts@https://registry.npmjs.org/prompts/-/prompts-2.4.2.tgz. Extracting by manifest.
602 silly tarball no local data for prismjs@https://registry.npmjs.org/prismjs/-/prismjs-1.30.0.tgz. Extracting by manifest.
603 silly tarball no local data for postcss-selector-parser@https://registry.npmjs.org/postcss-selector-parser/-/postcss-selector-parser-6.1.2.tgz. Extracting by manifest.
604 silly tarball no local data for postcss-nested@https://registry.npmjs.org/postcss-nested/-/postcss-nested-6.2.0.tgz. Extracting by manifest.
605 silly tarball no local data for postcss-import@https://registry.npmjs.org/postcss-import/-/postcss-import-15.1.0.tgz. Extracting by manifest.
606 silly tarball no local data for postcss-load-config@https://registry.npmjs.org/postcss-load-config/-/postcss-load-config-4.0.2.tgz. Extracting by manifest.
607 silly tarball no local data for postcss-js@https://registry.npmjs.org/postcss-js/-/postcss-js-4.1.0.tgz. Extracting by manifest.
608 silly tarball no local data for postcss@https://registry.npmjs.org/postcss/-/postcss-8.5.8.tgz. Extracting by manifest.
609 silly tarball no local data for pify@https://registry.npmjs.org/pify/-/pify-2.3.0.tgz. Extracting by manifest.
610 silly tarball no local data for picomatch@https://registry.npmjs.org/picomatch/-/picomatch-4.0.4.tgz. Extracting by manifest.
611 silly tarball no local data for path-parse@https://registry.npmjs.org/path-parse/-/path-parse-1.0.7.tgz. Extracting by manifest.
612 silly tarball no local data for picocolors@https://registry.npmjs.org/picocolors/-/picocolors-1.1.1.tgz. Extracting by manifest.
613 silly tarball no local data for parse5@https://registry.npmjs.org/parse5/-/parse5-7.3.0.tgz. Extracting by manifest.
614 silly tarball no local data for parse-latin@https://registry.npmjs.org/parse-latin/-/parse-latin-7.0.0.tgz. Extracting by manifest.
615 silly tarball no local data for piccolore@https://registry.npmjs.org/piccolore/-/piccolore-0.1.3.tgz. Extracting by manifest.
616 silly tarball no local data for pirates@https://registry.npmjs.org/pirates/-/pirates-4.0.7.tgz. Extracting by manifest.
617 silly tarball no local data for package-manager-detector@https://registry.npmjs.org/package-manager-detector/-/package-manager-detector-1.6.0.tgz. Extracting by manifest.
618 silly tarball no local data for p-timeout@https://registry.npmjs.org/p-timeout/-/p-timeout-6.1.4.tgz. Extracting by manifest.
619 silly tarball no local data for p-queue@https://registry.npmjs.org/p-queue/-/p-queue-8.1.1.tgz. Extracting by manifest.
620 silly tarball no local data for oniguruma-to-es@https://registry.npmjs.org/oniguruma-to-es/-/oniguruma-to-es-4.3.5.tgz. Extracting by manifest.
621 silly tarball no local data for oniguruma-parser@https://registry.npmjs.org/oniguruma-parser/-/oniguruma-parser-0.12.1.tgz. Extracting by manifest.
622 silly tarball no local data for ohash@https://registry.npmjs.org/ohash/-/ohash-2.0.11.tgz. Extracting by manifest.
623 silly tarball no local data for p-limit@https://registry.npmjs.org/p-limit/-/p-limit-6.2.0.tgz. Extracting by manifest.
624 silly tarball no local data for ofetch@https://registry.npmjs.org/ofetch/-/ofetch-1.5.1.tgz. Extracting by manifest.
625 silly tarball no local data for object-hash@https://registry.npmjs.org/object-hash/-/object-hash-3.0.0.tgz. Extracting by manifest.
626 silly tarball no local data for nth-check@https://registry.npmjs.org/nth-check/-/nth-check-2.1.1.tgz. Extracting by manifest.
627 silly tarball no local data for node-releases@https://registry.npmjs.org/node-releases/-/node-releases-2.0.37.tgz. Extracting by manifest.
628 silly tarball no local data for object-assign@https://registry.npmjs.org/object-assign/-/object-assign-4.1.1.tgz. Extracting by manifest.
629 silly tarball no local data for normalize-path@https://registry.npmjs.org/normalize-path/-/normalize-path-3.0.0.tgz. Extracting by manifest.
630 silly tarball no local data for node-mock-http@https://registry.npmjs.org/node-mock-http/-/node-mock-http-1.0.4.tgz. Extracting by manifest.
631 silly tarball no local data for node-fetch-native@https://registry.npmjs.org/node-fetch-native/-/node-fetch-native-1.6.7.tgz. Extracting by manifest.
632 silly tarball no local data for neotraverse@https://registry.npmjs.org/neotraverse/-/neotraverse-0.6.18.tgz. Extracting by manifest.
633 silly tarball no local data for nanostores@https://registry.npmjs.org/nanostores/-/nanostores-1.2.0.tgz. Extracting by manifest.
634 silly tarball no local data for nlcst-to-string@https://registry.npmjs.org/nlcst-to-string/-/nlcst-to-string-4.0.0.tgz. Extracting by manifest.
635 silly tarball no local data for mz@https://registry.npmjs.org/mz/-/mz-2.7.0.tgz. Extracting by manifest.
636 silly tarball no local data for mrmime@https://registry.npmjs.org/mrmime/-/mrmime-2.0.1.tgz. Extracting by manifest.
637 silly tarball no local data for nanoid@https://registry.npmjs.org/nanoid/-/nanoid-3.3.11.tgz. Extracting by manifest.
638 silly tarball no local data for ms@https://registry.npmjs.org/ms/-/ms-2.1.3.tgz. Extracting by manifest.
639 silly tarball no local data for micromark-util-types@https://registry.npmjs.org/micromark-util-types/-/micromark-util-types-2.0.2.tgz. Extracting by manifest.
640 silly tarball no local data for motion-dom@https://registry.npmjs.org/motion-dom/-/motion-dom-12.38.0.tgz. Extracting by manifest.
641 silly tarball no local data for motion-utils@https://registry.npmjs.org/motion-utils/-/motion-utils-12.36.0.tgz. Extracting by manifest.
642 silly tarball no local data for micromatch@https://registry.npmjs.org/micromatch/-/micromatch-4.0.8.tgz. Extracting by manifest.
643 silly tarball no local data for micromark-util-symbol@https://registry.npmjs.org/micromark-util-symbol/-/micromark-util-symbol-2.0.1.tgz. Extracting by manifest.
644 silly tarball no local data for micromark-util-sanitize-uri@https://registry.npmjs.org/micromark-util-sanitize-uri/-/micromark-util-sanitize-uri-2.0.1.tgz. Extracting by manifest.
645 silly tarball no local data for micromark-util-subtokenize@https://registry.npmjs.org/micromark-util-subtokenize/-/micromark-util-subtokenize-2.1.0.tgz. Extracting by manifest.
646 silly tarball no local data for micromark-util-normalize-identifier@https://registry.npmjs.org/micromark-util-normalize-identifier/-/micromark-util-normalize-identifier-2.0.1.tgz. Extracting by manifest.
647 silly tarball no local data for micromark-util-resolve-all@https://registry.npmjs.org/micromark-util-resolve-all/-/micromark-util-resolve-all-2.0.1.tgz. Extracting by manifest.
648 silly tarball no local data for micromark-util-html-tag-name@https://registry.npmjs.org/micromark-util-html-tag-name/-/micromark-util-html-tag-name-2.0.1.tgz. Extracting by manifest.
649 silly tarball no local data for micromark-util-encode@https://registry.npmjs.org/micromark-util-encode/-/micromark-util-encode-2.0.1.tgz. Extracting by manifest.
650 silly tarball no local data for micromark-util-combine-extensions@https://registry.npmjs.org/micromark-util-combine-extensions/-/micromark-util-combine-extensions-2.0.1.tgz. Extracting by manifest.
651 silly tarball no local data for micromark-util-decode-string@https://registry.npmjs.org/micromark-util-decode-string/-/micromark-util-decode-string-2.0.1.tgz. Extracting by manifest.
652 silly tarball no local data for micromark-util-classify-character@https://registry.npmjs.org/micromark-util-classify-character/-/micromark-util-classify-character-2.0.1.tgz. Extracting by manifest.
653 silly tarball no local data for micromark-util-character@https://registry.npmjs.org/micromark-util-character/-/micromark-util-character-2.1.1.tgz. Extracting by manifest.
654 silly tarball no local data for micromark-factory-title@https://registry.npmjs.org/micromark-factory-title/-/micromark-factory-title-2.0.1.tgz. Extracting by manifest.
655 silly tarball no local data for micromark-util-chunked@https://registry.npmjs.org/micromark-util-chunked/-/micromark-util-chunked-2.0.1.tgz. Extracting by manifest.
656 silly tarball no local data for micromark-util-decode-numeric-character-reference@https://registry.npmjs.org/micromark-util-decode-numeric-character-reference/-/micromark-util-decode-numeric-character-reference-2.0.2.tgz. Extracting by manifest.
657 silly tarball no local data for micromark-factory-whitespace@https://registry.npmjs.org/micromark-factory-whitespace/-/micromark-factory-whitespace-2.0.1.tgz. Extracting by manifest.
658 silly tarball no local data for micromark-factory-space@https://registry.npmjs.org/micromark-factory-space/-/micromark-factory-space-2.0.1.tgz. Extracting by manifest.
659 silly tarball no local data for micromark-factory-label@https://registry.npmjs.org/micromark-factory-label/-/micromark-factory-label-2.0.1.tgz. Extracting by manifest.
660 silly tarball no local data for micromark-factory-destination@https://registry.npmjs.org/micromark-factory-destination/-/micromark-factory-destination-2.0.1.tgz. Extracting by manifest.
661 silly tarball no local data for micromark-extension-gfm-task-list-item@https://registry.npmjs.org/micromark-extension-gfm-task-list-item/-/micromark-extension-gfm-task-list-item-2.1.0.tgz. Extracting by manifest.
662 silly tarball no local data for micromark-extension-gfm-tagfilter@https://registry.npmjs.org/micromark-extension-gfm-tagfilter/-/micromark-extension-gfm-tagfilter-2.0.0.tgz. Extracting by manifest.
663 silly tarball no local data for micromark-extension-gfm-table@https://registry.npmjs.org/micromark-extension-gfm-table/-/micromark-extension-gfm-table-2.1.1.tgz. Extracting by manifest.
664 silly tarball no local data for micromark-extension-gfm-footnote@https://registry.npmjs.org/micromark-extension-gfm-footnote/-/micromark-extension-gfm-footnote-2.1.0.tgz. Extracting by manifest.
665 silly tarball no local data for micromark-extension-gfm@https://registry.npmjs.org/micromark-extension-gfm/-/micromark-extension-gfm-3.0.0.tgz. Extracting by manifest.
666 silly tarball no local data for micromark-extension-gfm-autolink-literal@https://registry.npmjs.org/micromark-extension-gfm-autolink-literal/-/micromark-extension-gfm-autolink-literal-2.1.0.tgz. Extracting by manifest.
667 silly tarball no local data for micromark-extension-gfm-strikethrough@https://registry.npmjs.org/micromark-extension-gfm-strikethrough/-/micromark-extension-gfm-strikethrough-2.1.0.tgz. Extracting by manifest.
668 silly tarball no local data for micromark-core-commonmark@https://registry.npmjs.org/micromark-core-commonmark/-/micromark-core-commonmark-2.0.3.tgz. Extracting by manifest.
669 silly tarball no local data for micromark@https://registry.npmjs.org/micromark/-/micromark-4.0.2.tgz. Extracting by manifest.
670 silly tarball no local data for merge2@https://registry.npmjs.org/merge2/-/merge2-1.4.1.tgz. Extracting by manifest.
671 silly tarball no local data for mdn-data@https://registry.npmjs.org/mdn-data/-/mdn-data-2.27.1.tgz. Extracting by manifest.
672 silly tarball no local data for mdast-util-to-markdown@https://registry.npmjs.org/mdast-util-to-markdown/-/mdast-util-to-markdown-2.1.2.tgz. Extracting by manifest.
673 silly tarball no local data for mdast-util-to-hast@https://registry.npmjs.org/mdast-util-to-hast/-/mdast-util-to-hast-13.2.1.tgz. Extracting by manifest.
674 silly tarball no local data for mdast-util-phrasing@https://registry.npmjs.org/mdast-util-phrasing/-/mdast-util-phrasing-4.1.0.tgz. Extracting by manifest.
675 silly tarball no local data for mdast-util-to-string@https://registry.npmjs.org/mdast-util-to-string/-/mdast-util-to-string-4.0.0.tgz. Extracting by manifest.
676 silly tarball no local data for mdast-util-gfm-table@https://registry.npmjs.org/mdast-util-gfm-table/-/mdast-util-gfm-table-2.0.0.tgz. Extracting by manifest.
677 silly tarball no local data for mdast-util-gfm-task-list-item@https://registry.npmjs.org/mdast-util-gfm-task-list-item/-/mdast-util-gfm-task-list-item-2.0.0.tgz. Extracting by manifest.
678 silly tarball no local data for mdast-util-gfm-autolink-literal@https://registry.npmjs.org/mdast-util-gfm-autolink-literal/-/mdast-util-gfm-autolink-literal-2.0.1.tgz. Extracting by manifest.
679 silly tarball no local data for mdast-util-gfm-strikethrough@https://registry.npmjs.org/mdast-util-gfm-strikethrough/-/mdast-util-gfm-strikethrough-2.0.0.tgz. Extracting by manifest.
680 silly tarball no local data for mdast-util-gfm-footnote@https://registry.npmjs.org/mdast-util-gfm-footnote/-/mdast-util-gfm-footnote-2.1.0.tgz. Extracting by manifest.
681 silly tarball no local data for mdast-util-gfm@https://registry.npmjs.org/mdast-util-gfm/-/mdast-util-gfm-3.1.0.tgz. Extracting by manifest.
682 silly tarball no local data for mdast-util-from-markdown@https://registry.npmjs.org/mdast-util-from-markdown/-/mdast-util-from-markdown-2.0.3.tgz. Extracting by manifest.
683 silly tarball no local data for mdast-util-definitions@https://registry.npmjs.org/mdast-util-definitions/-/mdast-util-definitions-6.0.0.tgz. Extracting by manifest.
684 silly tarball no local data for magicast@https://registry.npmjs.org/magicast/-/magicast-0.5.2.tgz. Extracting by manifest.
685 silly tarball no local data for markdown-table@https://registry.npmjs.org/markdown-table/-/markdown-table-3.0.4.tgz. Extracting by manifest.
686 silly tarball no local data for mdast-util-find-and-replace@https://registry.npmjs.org/mdast-util-find-and-replace/-/mdast-util-find-and-replace-3.0.2.tgz. Extracting by manifest.
687 silly tarball no local data for lucide-react@https://registry.npmjs.org/lucide-react/-/lucide-react-0.471.2.tgz. Extracting by manifest.
688 silly tarball no local data for magic-string@https://registry.npmjs.org/magic-string/-/magic-string-0.30.21.tgz. Extracting by manifest.
689 silly tarball no local data for lru-cache@https://registry.npmjs.org/lru-cache/-/lru-cache-5.1.1.tgz. Extracting by manifest.
690 silly tarball no local data for loose-envify@https://registry.npmjs.org/loose-envify/-/loose-envify-1.4.0.tgz. Extracting by manifest.
691 silly tarball no local data for lodash@https://registry.npmjs.org/lodash/-/lodash-4.18.1.tgz. Extracting by manifest.
692 silly tarball no local data for lilconfig@https://registry.npmjs.org/lilconfig/-/lilconfig-3.1.3.tgz. Extracting by manifest.
693 silly tarball no local data for longest-streak@https://registry.npmjs.org/longest-streak/-/longest-streak-3.1.0.tgz. Extracting by manifest.
694 silly tarball no local data for jsesc@https://registry.npmjs.org/jsesc/-/jsesc-3.1.0.tgz. Extracting by manifest.
695 silly tarball no local data for lines-and-columns@https://registry.npmjs.org/lines-and-columns/-/lines-and-columns-1.2.4.tgz. Extracting by manifest.
696 silly tarball no local data for json5@https://registry.npmjs.org/json5/-/json5-2.2.3.tgz. Extracting by manifest.
697 silly tarball no local data for js-tokens@https://registry.npmjs.org/js-tokens/-/js-tokens-4.0.0.tgz. Extracting by manifest.
698 silly tarball no local data for js-yaml@https://registry.npmjs.org/js-yaml/-/js-yaml-4.1.1.tgz. Extracting by manifest.
699 silly tarball no local data for is-number@https://registry.npmjs.org/is-number/-/is-number-7.0.0.tgz. Extracting by manifest.
700 silly tarball no local data for is-plain-obj@https://registry.npmjs.org/is-plain-obj/-/is-plain-obj-4.1.0.tgz. Extracting by manifest.
701 silly tarball no local data for is-wsl@https://registry.npmjs.org/is-wsl/-/is-wsl-3.1.1.tgz. Extracting by manifest.
702 silly tarball no local data for is-glob@https://registry.npmjs.org/is-glob/-/is-glob-4.0.3.tgz. Extracting by manifest.
703 silly tarball no local data for is-inside-container@https://registry.npmjs.org/is-inside-container/-/is-inside-container-1.0.0.tgz. Extracting by manifest.
704 silly tarball no local data for is-fullwidth-code-point@https://registry.npmjs.org/is-fullwidth-code-point/-/is-fullwidth-code-point-3.0.0.tgz. Extracting by manifest.
705 silly tarball no local data for is-extglob@https://registry.npmjs.org/is-extglob/-/is-extglob-2.1.1.tgz. Extracting by manifest.
706 silly tarball no local data for is-core-module@https://registry.npmjs.org/is-core-module/-/is-core-module-2.16.1.tgz. Extracting by manifest.
707 silly tarball no local data for is-docker@https://registry.npmjs.org/is-docker/-/is-docker-3.0.0.tgz. Extracting by manifest.
708 silly tarball no local data for is-binary-path@https://registry.npmjs.org/is-binary-path/-/is-binary-path-2.1.0.tgz. Extracting by manifest.
709 silly tarball no local data for internmap@https://registry.npmjs.org/internmap/-/internmap-2.0.3.tgz. Extracting by manifest.
710 silly tarball no local data for import-meta-resolve@https://registry.npmjs.org/import-meta-resolve/-/import-meta-resolve-4.2.0.tgz. Extracting by manifest.
711 silly tarball no local data for http-cache-semantics@https://registry.npmjs.org/http-cache-semantics/-/http-cache-semantics-4.2.0.tgz. Extracting by manifest.
712 silly tarball no local data for html-escaper@https://registry.npmjs.org/html-escaper/-/html-escaper-3.0.3.tgz. Extracting by manifest.
713 silly tarball no local data for iron-webcrypto@https://registry.npmjs.org/iron-webcrypto/-/iron-webcrypto-1.2.1.tgz. Extracting by manifest.
714 silly tarball no local data for hastscript@https://registry.npmjs.org/hastscript/-/hastscript-9.0.1.tgz. Extracting by manifest.
715 silly tarball no local data for html-void-elements@https://registry.npmjs.org/html-void-elements/-/html-void-elements-3.0.0.tgz. Extracting by manifest.
716 silly tarball no local data for hast-util-whitespace@https://registry.npmjs.org/hast-util-whitespace/-/hast-util-whitespace-3.0.0.tgz. Extracting by manifest.
717 silly tarball no local data for hast-util-to-parse5@https://registry.npmjs.org/hast-util-to-parse5/-/hast-util-to-parse5-8.0.1.tgz. Extracting by manifest.
718 silly tarball no local data for hast-util-to-html@https://registry.npmjs.org/hast-util-to-html/-/hast-util-to-html-9.0.5.tgz. Extracting by manifest.
719 silly tarball no local data for hast-util-to-text@https://registry.npmjs.org/hast-util-to-text/-/hast-util-to-text-4.0.2.tgz. Extracting by manifest.
720 silly tarball no local data for hast-util-raw@https://registry.npmjs.org/hast-util-raw/-/hast-util-raw-9.1.0.tgz. Extracting by manifest.
721 silly tarball no local data for hast-util-parse-selector@https://registry.npmjs.org/hast-util-parse-selector/-/hast-util-parse-selector-4.0.0.tgz. Extracting by manifest.
722 silly tarball no local data for hast-util-is-element@https://registry.npmjs.org/hast-util-is-element/-/hast-util-is-element-3.0.0.tgz. Extracting by manifest.
723 silly tarball no local data for hast-util-from-parse5@https://registry.npmjs.org/hast-util-from-parse5/-/hast-util-from-parse5-8.0.3.tgz. Extracting by manifest.
724 silly tarball no local data for glob-parent@https://registry.npmjs.org/glob-parent/-/glob-parent-6.0.2.tgz. Extracting by manifest.
725 silly tarball no local data for hast-util-from-html@https://registry.npmjs.org/hast-util-from-html/-/hast-util-from-html-2.0.3.tgz. Extracting by manifest.
726 silly tarball no local data for github-slugger@https://registry.npmjs.org/github-slugger/-/github-slugger-2.0.0.tgz. Extracting by manifest.
727 silly tarball no local data for hasown@https://registry.npmjs.org/hasown/-/hasown-2.0.2.tgz. Extracting by manifest.
728 silly tarball no local data for h3@https://registry.npmjs.org/h3/-/h3-1.15.11.tgz. Extracting by manifest.
729 silly tarball no local data for get-east-asian-width@https://registry.npmjs.org/get-east-asian-width/-/get-east-asian-width-1.5.0.tgz. Extracting by manifest.
730 silly tarball no local data for gensync@https://registry.npmjs.org/gensync/-/gensync-1.0.0-beta.2.tgz. Extracting by manifest.
731 silly tarball no local data for function-bind@https://registry.npmjs.org/function-bind/-/function-bind-1.1.2.tgz. Extracting by manifest.
732 silly tarball no local data for framer-motion@https://registry.npmjs.org/framer-motion/-/framer-motion-12.38.0.tgz. Extracting by manifest.
733 silly tarball no local data for fraction.js@https://registry.npmjs.org/fraction.js/-/fraction.js-5.3.4.tgz. Extracting by manifest.
734 silly tarball no local data for fontkitten@https://registry.npmjs.org/fontkitten/-/fontkitten-1.0.3.tgz. Extracting by manifest.
735 silly tarball no local data for fill-range@https://registry.npmjs.org/fill-range/-/fill-range-7.1.1.tgz. Extracting by manifest.
736 silly tarball no local data for fontace@https://registry.npmjs.org/fontace/-/fontace-0.4.1.tgz. Extracting by manifest.
737 silly tarball no local data for flattie@https://registry.npmjs.org/flattie/-/flattie-1.1.1.tgz. Extracting by manifest.
738 silly tarball no local data for fastq@https://registry.npmjs.org/fastq/-/fastq-1.20.1.tgz. Extracting by manifest.
739 silly tarball no local data for fdir@https://registry.npmjs.org/fdir/-/fdir-6.5.0.tgz. Extracting by manifest.
740 silly tarball no local data for fast-glob@https://registry.npmjs.org/fast-glob/-/fast-glob-3.3.3.tgz. Extracting by manifest.
741 silly tarball no local data for fast-equals@https://registry.npmjs.org/fast-equals/-/fast-equals-5.4.0.tgz. Extracting by manifest.
742 silly tarball no local data for eventemitter3@https://registry.npmjs.org/eventemitter3/-/eventemitter3-5.0.4.tgz. Extracting by manifest.
743 silly tarball no local data for extend@https://registry.npmjs.org/extend/-/extend-3.0.2.tgz. Extracting by manifest.
744 silly tarball no local data for escalade@https://registry.npmjs.org/escalade/-/escalade-3.2.0.tgz. Extracting by manifest.
745 silly tarball no local data for escape-string-regexp@https://registry.npmjs.org/escape-string-regexp/-/escape-string-regexp-5.0.0.tgz. Extracting by manifest.
746 silly tarball no local data for es-module-lexer@https://registry.npmjs.org/es-module-lexer/-/es-module-lexer-1.7.0.tgz. Extracting by manifest.
747 silly tarball no local data for esbuild@https://registry.npmjs.org/esbuild/-/esbuild-0.27.5.tgz. Extracting by manifest.
748 silly tarball no local data for emoji-regex@https://registry.npmjs.org/emoji-regex/-/emoji-regex-10.6.0.tgz. Extracting by manifest.
749 silly tarball no local data for electron-to-chromium@https://registry.npmjs.org/electron-to-chromium/-/electron-to-chromium-1.5.331.tgz. Extracting by manifest.
750 silly tarball no local data for dset@https://registry.npmjs.org/dset/-/dset-3.1.4.tgz. Extracting by manifest.
751 silly tarball no local data for domhandler@https://registry.npmjs.org/domhandler/-/domhandler-5.0.3.tgz. Extracting by manifest.
752 silly tarball no local data for domelementtype@https://registry.npmjs.org/domelementtype/-/domelementtype-2.3.0.tgz. Extracting by manifest.
753 silly tarball no local data for estree-walker@https://registry.npmjs.org/estree-walker/-/estree-walker-2.0.2.tgz. Extracting by manifest.
754 silly tarball no local data for dom-serializer@https://registry.npmjs.org/dom-serializer/-/dom-serializer-2.0.0.tgz. Extracting by manifest.
755 silly tarball no local data for domutils@https://registry.npmjs.org/domutils/-/domutils-3.2.2.tgz. Extracting by manifest.
756 silly tarball no local data for dom-helpers@https://registry.npmjs.org/dom-helpers/-/dom-helpers-5.2.1.tgz. Extracting by manifest.
757 silly tarball no local data for dlv@https://registry.npmjs.org/dlv/-/dlv-1.1.3.tgz. Extracting by manifest.
758 silly tarball no local data for diff@https://registry.npmjs.org/diff/-/diff-8.0.4.tgz. Extracting by manifest.
759 silly tarball no local data for devlop@https://registry.npmjs.org/devlop/-/devlop-1.1.0.tgz. Extracting by manifest.
760 silly tarball no local data for didyoumean@https://registry.npmjs.org/didyoumean/-/didyoumean-1.2.2.tgz. Extracting by manifest.
761 silly tarball no local data for deterministic-object-hash@https://registry.npmjs.org/deterministic-object-hash/-/deterministic-object-hash-2.0.2.tgz. Extracting by manifest.
762 silly tarball no local data for detect-libc@https://registry.npmjs.org/detect-libc/-/detect-libc-2.1.2.tgz. Extracting by manifest.
763 silly tarball no local data for destr@https://registry.npmjs.org/destr/-/destr-2.0.5.tgz. Extracting by manifest.
764 silly tarball no local data for dequal@https://registry.npmjs.org/dequal/-/dequal-2.0.3.tgz. Extracting by manifest.
765 silly tarball no local data for devalue@https://registry.npmjs.org/devalue/-/devalue-5.6.4.tgz. Extracting by manifest.
766 silly tarball no local data for defu@https://registry.npmjs.org/defu/-/defu-6.1.6.tgz. Extracting by manifest.
767 silly tarball no local data for decode-named-character-reference@https://registry.npmjs.org/decode-named-character-reference/-/decode-named-character-reference-1.3.0.tgz. Extracting by manifest.
768 silly tarball no local data for debug@https://registry.npmjs.org/debug/-/debug-4.4.3.tgz. Extracting by manifest.
769 silly tarball no local data for decimal.js-light@https://registry.npmjs.org/decimal.js-light/-/decimal.js-light-2.5.1.tgz. Extracting by manifest.
770 silly tarball no local data for d3-zoom@https://registry.npmjs.org/d3-zoom/-/d3-zoom-3.0.0.tgz. Extracting by manifest.
771 silly tarball no local data for d3-transition@https://registry.npmjs.org/d3-transition/-/d3-transition-3.0.1.tgz. Extracting by manifest.
772 silly tarball no local data for d3-timer@https://registry.npmjs.org/d3-timer/-/d3-timer-3.0.1.tgz. Extracting by manifest.
773 silly tarball no local data for d3-shape@https://registry.npmjs.org/d3-shape/-/d3-shape-3.2.0.tgz. Extracting by manifest.
774 silly tarball no local data for d3-selection@https://registry.npmjs.org/d3-selection/-/d3-selection-3.0.0.tgz. Extracting by manifest.
775 silly tarball no local data for d3-time-format@https://registry.npmjs.org/d3-time-format/-/d3-time-format-4.1.0.tgz. Extracting by manifest.
776 silly tarball no local data for d3-time@https://registry.npmjs.org/d3-time/-/d3-time-3.1.0.tgz. Extracting by manifest.
777 silly tarball no local data for d3-scale@https://registry.npmjs.org/d3-scale/-/d3-scale-4.0.2.tgz. Extracting by manifest.
778 silly tarball no local data for d3-path@https://registry.npmjs.org/d3-path/-/d3-path-3.1.0.tgz. Extracting by manifest.
779 silly tarball no local data for d3-format@https://registry.npmjs.org/d3-format/-/d3-format-3.1.2.tgz. Extracting by manifest.
780 silly tarball no local data for d3-interpolate@https://registry.npmjs.org/d3-interpolate/-/d3-interpolate-3.0.1.tgz. Extracting by manifest.
781 silly tarball no local data for d3-drag@https://registry.npmjs.org/d3-drag/-/d3-drag-3.0.0.tgz. Extracting by manifest.
782 silly tarball no local data for d3-ease@https://registry.npmjs.org/d3-ease/-/d3-ease-3.0.1.tgz. Extracting by manifest.
783 silly tarball no local data for d3-dispatch@https://registry.npmjs.org/d3-dispatch/-/d3-dispatch-3.0.1.tgz. Extracting by manifest.
784 silly tarball no local data for d3-array@https://registry.npmjs.org/d3-array/-/d3-array-3.2.4.tgz. Extracting by manifest.
785 silly tarball no local data for d3-color@https://registry.npmjs.org/d3-color/-/d3-color-3.1.0.tgz. Extracting by manifest.
786 silly tarball no local data for csso@https://registry.npmjs.org/csso/-/csso-5.0.5.tgz. Extracting by manifest.
787 silly tarball no local data for cssesc@https://registry.npmjs.org/cssesc/-/cssesc-3.0.0.tgz. Extracting by manifest.
788 silly tarball no local data for csstype@https://registry.npmjs.org/csstype/-/csstype-3.2.3.tgz. Extracting by manifest.
789 silly tarball no local data for css-tree@https://registry.npmjs.org/css-tree/-/css-tree-3.2.1.tgz. Extracting by manifest.
790 silly tarball no local data for css-what@https://registry.npmjs.org/css-what/-/css-what-6.2.2.tgz. Extracting by manifest.
791 silly tarball no local data for css-select@https://registry.npmjs.org/css-select/-/css-select-5.2.2.tgz. Extracting by manifest.
792 silly tarball no local data for cookie-es@https://registry.npmjs.org/cookie-es/-/cookie-es-1.2.3.tgz. Extracting by manifest.
793 silly tarball no local data for cookie@https://registry.npmjs.org/cookie/-/cookie-1.1.1.tgz. Extracting by manifest.
794 silly tarball no local data for convert-source-map@https://registry.npmjs.org/convert-source-map/-/convert-source-map-2.0.0.tgz. Extracting by manifest.
795 silly tarball no local data for commander@https://registry.npmjs.org/commander/-/commander-11.1.0.tgz. Extracting by manifest.
796 silly tarball no local data for common-ancestor-path@https://registry.npmjs.org/common-ancestor-path/-/common-ancestor-path-1.0.1.tgz. Extracting by manifest.
797 silly tarball no local data for comma-separated-tokens@https://registry.npmjs.org/comma-separated-tokens/-/comma-separated-tokens-2.0.3.tgz. Extracting by manifest.
798 silly tarball no local data for crossws@https://registry.npmjs.org/crossws/-/crossws-0.3.5.tgz. Extracting by manifest.
799 silly tarball no local data for cli-boxes@https://registry.npmjs.org/cli-boxes/-/cli-boxes-3.0.0.tgz. Extracting by manifest.
800 silly tarball no local data for classcat@https://registry.npmjs.org/classcat/-/classcat-5.0.5.tgz. Extracting by manifest.
801 silly tarball no local data for clsx@https://registry.npmjs.org/clsx/-/clsx-2.1.1.tgz. Extracting by manifest.
802 silly tarball no local data for ci-info@https://registry.npmjs.org/ci-info/-/ci-info-4.4.0.tgz. Extracting by manifest.
803 silly tarball no local data for character-entities-legacy@https://registry.npmjs.org/character-entities-legacy/-/character-entities-legacy-3.0.0.tgz. Extracting by manifest.
804 silly tarball no local data for chokidar@https://registry.npmjs.org/chokidar/-/chokidar-5.0.0.tgz. Extracting by manifest.
805 silly tarball no local data for character-entities-html4@https://registry.npmjs.org/character-entities-html4/-/character-entities-html4-2.1.0.tgz. Extracting by manifest.
806 silly tarball no local data for chalk@https://registry.npmjs.org/chalk/-/chalk-5.6.2.tgz. Extracting by manifest.
807 silly tarball no local data for character-entities@https://registry.npmjs.org/character-entities/-/character-entities-2.0.2.tgz. Extracting by manifest.
808 silly tarball no local data for ccount@https://registry.npmjs.org/ccount/-/ccount-2.0.1.tgz. Extracting by manifest.
809 silly tarball no local data for camelcase-css@https://registry.npmjs.org/camelcase-css/-/camelcase-css-2.0.1.tgz. Extracting by manifest.
810 silly tarball no local data for caniuse-lite@https://registry.npmjs.org/caniuse-lite/-/caniuse-lite-1.0.30001784.tgz. Extracting by manifest.
811 silly tarball no local data for browserslist@https://registry.npmjs.org/browserslist/-/browserslist-4.28.2.tgz. Extracting by manifest.
812 silly tarball no local data for braces@https://registry.npmjs.org/braces/-/braces-3.0.3.tgz. Extracting by manifest.
813 silly tarball no local data for camelcase@https://registry.npmjs.org/camelcase/-/camelcase-8.0.0.tgz. Extracting by manifest.
814 silly tarball no local data for boxen@https://registry.npmjs.org/boxen/-/boxen-8.0.1.tgz. Extracting by manifest.
815 silly tarball no local data for baseline-browser-mapping@https://registry.npmjs.org/baseline-browser-mapping/-/baseline-browser-mapping-2.10.13.tgz. Extracting by manifest.
816 silly tarball no local data for boolbase@https://registry.npmjs.org/boolbase/-/boolbase-1.0.0.tgz. Extracting by manifest.
817 silly tarball no local data for base-64@https://registry.npmjs.org/base-64/-/base-64-1.0.0.tgz. Extracting by manifest.
818 silly tarball no local data for binary-extensions@https://registry.npmjs.org/binary-extensions/-/binary-extensions-2.3.0.tgz. Extracting by manifest.
819 silly tarball no local data for bail@https://registry.npmjs.org/bail/-/bail-2.0.2.tgz. Extracting by manifest.
820 silly tarball no local data for autoprefixer@https://registry.npmjs.org/autoprefixer/-/autoprefixer-10.4.27.tgz. Extracting by manifest.
821 silly tarball no local data for astro@https://registry.npmjs.org/astro/-/astro-5.18.1.tgz. Extracting by manifest.
822 silly tarball no local data for axobject-query@https://registry.npmjs.org/axobject-query/-/axobject-query-4.1.0.tgz. Extracting by manifest.
823 silly tarball no local data for array-iterate@https://registry.npmjs.org/array-iterate/-/array-iterate-2.0.1.tgz. Extracting by manifest.
824 silly tarball no local data for aria-query@https://registry.npmjs.org/aria-query/-/aria-query-5.3.2.tgz. Extracting by manifest.
825 silly tarball no local data for argparse@https://registry.npmjs.org/argparse/-/argparse-2.0.1.tgz. Extracting by manifest.
826 silly tarball no local data for arg@https://registry.npmjs.org/arg/-/arg-5.0.2.tgz. Extracting by manifest.
827 silly tarball no local data for any-promise@https://registry.npmjs.org/any-promise/-/any-promise-1.3.0.tgz. Extracting by manifest.
828 silly tarball no local data for ansi-styles@https://registry.npmjs.org/ansi-styles/-/ansi-styles-6.2.3.tgz. Extracting by manifest.
829 silly tarball no local data for anymatch@https://registry.npmjs.org/anymatch/-/anymatch-3.1.3.tgz. Extracting by manifest.
830 silly tarball no local data for @vitejs/plugin-react@https://registry.npmjs.org/@vitejs/plugin-react/-/plugin-react-4.7.0.tgz. Extracting by manifest.
831 silly tarball no local data for @ungap/structured-clone@https://registry.npmjs.org/@ungap/structured-clone/-/structured-clone-1.3.0.tgz. Extracting by manifest.
832 silly tarball no local data for ansi-regex@https://registry.npmjs.org/ansi-regex/-/ansi-regex-6.2.2.tgz. Extracting by manifest.
833 silly tarball no local data for acorn@https://registry.npmjs.org/acorn/-/acorn-8.16.0.tgz. Extracting by manifest.
834 silly tarball no local data for @types/react-dom@https://registry.npmjs.org/@types/react-dom/-/react-dom-18.3.7.tgz. Extracting by manifest.
835 silly tarball no local data for @types/unist@https://registry.npmjs.org/@types/unist/-/unist-3.0.3.tgz. Extracting by manifest.
836 silly tarball no local data for @types/react@https://registry.npmjs.org/@types/react/-/react-18.3.28.tgz. Extracting by manifest.
837 silly tarball no local data for @types/prop-types@https://registry.npmjs.org/@types/prop-types/-/prop-types-15.7.15.tgz. Extracting by manifest.
838 silly tarball no local data for @types/nlcst@https://registry.npmjs.org/@types/nlcst/-/nlcst-2.0.3.tgz. Extracting by manifest.
839 silly tarball no local data for ansi-align@https://registry.npmjs.org/ansi-align/-/ansi-align-3.0.1.tgz. Extracting by manifest.
840 silly tarball no local data for @types/hast@https://registry.npmjs.org/@types/hast/-/hast-3.0.4.tgz. Extracting by manifest.
841 silly tarball no local data for @types/ms@https://registry.npmjs.org/@types/ms/-/ms-2.1.0.tgz. Extracting by manifest.
842 silly tarball no local data for @types/mdast@https://registry.npmjs.org/@types/mdast/-/mdast-4.0.4.tgz. Extracting by manifest.
843 silly tarball no local data for @types/estree@https://registry.npmjs.org/@types/estree/-/estree-1.0.8.tgz. Extracting by manifest.
844 silly tarball no local data for @types/d3-zoom@https://registry.npmjs.org/@types/d3-zoom/-/d3-zoom-3.0.8.tgz. Extracting by manifest.
845 silly tarball no local data for @types/debug@https://registry.npmjs.org/@types/debug/-/debug-4.1.13.tgz. Extracting by manifest.
846 silly tarball no local data for @types/d3-timer@https://registry.npmjs.org/@types/d3-timer/-/d3-timer-3.0.2.tgz. Extracting by manifest.
847 silly tarball no local data for @types/d3-time-format@https://registry.npmjs.org/@types/d3-time-format/-/d3-time-format-4.0.3.tgz. Extracting by manifest.
848 silly tarball no local data for @types/d3-transition@https://registry.npmjs.org/@types/d3-transition/-/d3-transition-3.0.9.tgz. Extracting by manifest.
849 silly tarball no local data for @types/d3-shape@https://registry.npmjs.org/@types/d3-shape/-/d3-shape-3.1.8.tgz. Extracting by manifest.
850 silly tarball no local data for @types/d3-time@https://registry.npmjs.org/@types/d3-time/-/d3-time-3.0.4.tgz. Extracting by manifest.
851 silly tarball no local data for @types/d3-scale@https://registry.npmjs.org/@types/d3-scale/-/d3-scale-4.0.9.tgz. Extracting by manifest.
852 silly tarball no local data for @types/d3-selection@https://registry.npmjs.org/@types/d3-selection/-/d3-selection-3.0.11.tgz. Extracting by manifest.
853 silly tarball no local data for @types/d3-random@https://registry.npmjs.org/@types/d3-random/-/d3-random-3.0.3.tgz. Extracting by manifest.
854 silly tarball no local data for @types/d3-scale-chromatic@https://registry.npmjs.org/@types/d3-scale-chromatic/-/d3-scale-chromatic-3.1.0.tgz. Extracting by manifest.
855 silly tarball no local data for @types/geojson@https://registry.npmjs.org/@types/geojson/-/geojson-7946.0.16.tgz. Extracting by manifest.
856 silly tarball no local data for @types/d3-polygon@https://registry.npmjs.org/@types/d3-polygon/-/d3-polygon-3.0.2.tgz. Extracting by manifest.
857 silly tarball no local data for @types/d3-quadtree@https://registry.npmjs.org/@types/d3-quadtree/-/d3-quadtree-3.0.6.tgz. Extracting by manifest.
858 silly tarball no local data for @types/d3-path@https://registry.npmjs.org/@types/d3-path/-/d3-path-3.1.1.tgz. Extracting by manifest.
859 silly tarball no local data for @types/d3-interpolate@https://registry.npmjs.org/@types/d3-interpolate/-/d3-interpolate-3.0.4.tgz. Extracting by manifest.
860 silly tarball no local data for @types/d3-hierarchy@https://registry.npmjs.org/@types/d3-hierarchy/-/d3-hierarchy-3.1.7.tgz. Extracting by manifest.
861 silly tarball no local data for @types/d3-force@https://registry.npmjs.org/@types/d3-force/-/d3-force-3.0.10.tgz. Extracting by manifest.
862 silly tarball no local data for @types/d3-format@https://registry.npmjs.org/@types/d3-format/-/d3-format-3.0.4.tgz. Extracting by manifest.
863 silly tarball no local data for @types/d3-ease@https://registry.npmjs.org/@types/d3-ease/-/d3-ease-3.0.2.tgz. Extracting by manifest.
864 silly tarball no local data for @types/d3-fetch@https://registry.npmjs.org/@types/d3-fetch/-/d3-fetch-3.0.7.tgz. Extracting by manifest.
865 silly tarball no local data for @types/d3-geo@https://registry.npmjs.org/@types/d3-geo/-/d3-geo-3.1.0.tgz. Extracting by manifest.
866 silly tarball no local data for @types/d3-dispatch@https://registry.npmjs.org/@types/d3-dispatch/-/d3-dispatch-3.0.7.tgz. Extracting by manifest.
867 silly tarball no local data for @types/d3-delaunay@https://registry.npmjs.org/@types/d3-delaunay/-/d3-delaunay-6.0.4.tgz. Extracting by manifest.
868 silly tarball no local data for @types/d3-drag@https://registry.npmjs.org/@types/d3-drag/-/d3-drag-3.0.7.tgz. Extracting by manifest.
869 silly tarball no local data for @types/d3-dsv@https://registry.npmjs.org/@types/d3-dsv/-/d3-dsv-3.0.7.tgz. Extracting by manifest.
870 silly tarball no local data for @types/d3-contour@https://registry.npmjs.org/@types/d3-contour/-/d3-contour-3.0.6.tgz. Extracting by manifest.
871 silly tarball no local data for @types/d3-chord@https://registry.npmjs.org/@types/d3-chord/-/d3-chord-3.0.6.tgz. Extracting by manifest.
872 silly tarball no local data for @types/d3-array@https://registry.npmjs.org/@types/d3-array/-/d3-array-3.2.2.tgz. Extracting by manifest.
873 silly tarball no local data for @types/d3-axis@https://registry.npmjs.org/@types/d3-axis/-/d3-axis-3.0.6.tgz. Extracting by manifest.
874 silly tarball no local data for @types/babel__traverse@https://registry.npmjs.org/@types/babel__traverse/-/babel__traverse-7.28.0.tgz. Extracting by manifest.
875 silly tarball no local data for @types/d3-color@https://registry.npmjs.org/@types/d3-color/-/d3-color-3.1.3.tgz. Extracting by manifest.
876 silly tarball no local data for @types/d3-brush@https://registry.npmjs.org/@types/d3-brush/-/d3-brush-3.0.6.tgz. Extracting by manifest.
877 silly tarball no local data for @types/d3@https://registry.npmjs.org/@types/d3/-/d3-7.4.3.tgz. Extracting by manifest.
878 silly tarball no local data for @types/babel__template@https://registry.npmjs.org/@types/babel__template/-/babel__template-7.4.4.tgz. Extracting by manifest.
879 silly tarball no local data for @shikijs/types@https://registry.npmjs.org/@shikijs/types/-/types-3.23.0.tgz. Extracting by manifest.
880 silly tarball no local data for @types/babel__generator@https://registry.npmjs.org/@types/babel__generator/-/babel__generator-7.27.0.tgz. Extracting by manifest.
881 silly tarball no local data for @types/babel__core@https://registry.npmjs.org/@types/babel__core/-/babel__core-7.20.5.tgz. Extracting by manifest.
882 silly tarball no local data for @shikijs/vscode-textmate@https://registry.npmjs.org/@shikijs/vscode-textmate/-/vscode-textmate-10.0.2.tgz. Extracting by manifest.
883 silly tarball no local data for @shikijs/engine-javascript@https://registry.npmjs.org/@shikijs/engine-javascript/-/engine-javascript-3.23.0.tgz. Extracting by manifest.
884 silly tarball no local data for @shikijs/themes@https://registry.npmjs.org/@shikijs/themes/-/themes-3.23.0.tgz. Extracting by manifest.
885 silly tarball no local data for @shikijs/langs@https://registry.npmjs.org/@shikijs/langs/-/langs-3.23.0.tgz. Extracting by manifest.
886 silly tarball no local data for @shikijs/core@https://registry.npmjs.org/@shikijs/core/-/core-3.23.0.tgz. Extracting by manifest.
887 silly tarball no local data for @rollup/rollup-win32-x64-msvc@https://registry.npmjs.org/@rollup/rollup-win32-x64-msvc/-/rollup-win32-x64-msvc-4.60.1.tgz. Extracting by manifest.
888 silly tarball no local data for @rollup/rollup-win32-x64-gnu@https://registry.npmjs.org/@rollup/rollup-win32-x64-gnu/-/rollup-win32-x64-gnu-4.60.1.tgz. Extracting by manifest.
889 silly tarball no local data for @rolldown/pluginutils@https://registry.npmjs.org/@rolldown/pluginutils/-/pluginutils-1.0.0-beta.27.tgz. Extracting by manifest.
890 silly tarball no local data for @shikijs/engine-oniguruma@https://registry.npmjs.org/@shikijs/engine-oniguruma/-/engine-oniguruma-3.23.0.tgz. Extracting by manifest.
891 silly tarball no local data for @rollup/pluginutils@https://registry.npmjs.org/@rollup/pluginutils/-/pluginutils-5.3.0.tgz. Extracting by manifest.
892 silly tarball no local data for @reactflow/node-toolbar@https://registry.npmjs.org/@reactflow/node-toolbar/-/node-toolbar-1.3.14.tgz. Extracting by manifest.
893 silly tarball no local data for @reactflow/minimap@https://registry.npmjs.org/@reactflow/minimap/-/minimap-11.7.14.tgz. Extracting by manifest.
894 silly tarball no local data for @reactflow/node-resizer@https://registry.npmjs.org/@reactflow/node-resizer/-/node-resizer-2.2.14.tgz. Extracting by manifest.
895 silly tarball no local data for @oslojs/encoding@https://registry.npmjs.org/@oslojs/encoding/-/encoding-1.1.0.tgz. Extracting by manifest.
896 silly tarball no local data for @reactflow/core@https://registry.npmjs.org/@reactflow/core/-/core-11.11.4.tgz. Extracting by manifest.
897 silly tarball no local data for @nodelib/fs.walk@https://registry.npmjs.org/@nodelib/fs.walk/-/fs.walk-1.2.8.tgz. Extracting by manifest.
898 silly tarball no local data for @reactflow/background@https://registry.npmjs.org/@reactflow/background/-/background-11.3.14.tgz. Extracting by manifest.
899 silly tarball no local data for @nodelib/fs.scandir@https://registry.npmjs.org/@nodelib/fs.scandir/-/fs.scandir-2.1.5.tgz. Extracting by manifest.
900 silly tarball no local data for @nanostores/react@https://registry.npmjs.org/@nanostores/react/-/react-1.1.0.tgz. Extracting by manifest.
901 silly tarball no local data for @reactflow/controls@https://registry.npmjs.org/@reactflow/controls/-/controls-11.2.14.tgz. Extracting by manifest.
902 silly tarball no local data for @jridgewell/trace-mapping@https://registry.npmjs.org/@jridgewell/trace-mapping/-/trace-mapping-0.3.31.tgz. Extracting by manifest.
903 silly tarball no local data for @nodelib/fs.stat@https://registry.npmjs.org/@nodelib/fs.stat/-/fs.stat-2.0.5.tgz. Extracting by manifest.
904 silly tarball no local data for @jridgewell/remapping@https://registry.npmjs.org/@jridgewell/remapping/-/remapping-2.3.5.tgz. Extracting by manifest.
905 silly tarball no local data for @jridgewell/resolve-uri@https://registry.npmjs.org/@jridgewell/resolve-uri/-/resolve-uri-3.1.2.tgz. Extracting by manifest.
906 silly tarball no local data for @jridgewell/gen-mapping@https://registry.npmjs.org/@jridgewell/gen-mapping/-/gen-mapping-0.3.13.tgz. Extracting by manifest.
907 silly tarball no local data for @jridgewell/sourcemap-codec@https://registry.npmjs.org/@jridgewell/sourcemap-codec/-/sourcemap-codec-1.5.5.tgz. Extracting by manifest.
908 silly tarball no local data for @esbuild/win32-x64@https://registry.npmjs.org/@esbuild/win32-x64/-/win32-x64-0.27.5.tgz. Extracting by manifest.
909 silly tarball no local data for @img/colour@https://registry.npmjs.org/@img/colour/-/colour-1.1.0.tgz. Extracting by manifest.
910 silly tarball no local data for @img/sharp-win32-x64@https://registry.npmjs.org/@img/sharp-win32-x64/-/sharp-win32-x64-0.34.5.tgz. Extracting by manifest.
911 silly tarball no local data for @babel/types@https://registry.npmjs.org/@babel/types/-/types-7.29.0.tgz. Extracting by manifest.
912 silly tarball no local data for @capsizecss/unpack@https://registry.npmjs.org/@capsizecss/unpack/-/unpack-4.0.0.tgz. Extracting by manifest.
913 silly tarball no local data for @babel/template@https://registry.npmjs.org/@babel/template/-/template-7.28.6.tgz. Extracting by manifest.
914 silly tarball no local data for @babel/runtime@https://registry.npmjs.org/@babel/runtime/-/runtime-7.29.2.tgz. Extracting by manifest.
915 silly tarball no local data for @babel/helpers@https://registry.npmjs.org/@babel/helpers/-/helpers-7.29.2.tgz. Extracting by manifest.
916 silly tarball no local data for @babel/traverse@https://registry.npmjs.org/@babel/traverse/-/traverse-7.29.0.tgz. Extracting by manifest.
917 silly tarball no local data for @babel/plugin-transform-react-jsx-source@https://registry.npmjs.org/@babel/plugin-transform-react-jsx-source/-/plugin-transform-react-jsx-source-7.27.1.tgz. Extracting by manifest.
918 silly tarball no local data for @babel/plugin-transform-react-jsx-self@https://registry.npmjs.org/@babel/plugin-transform-react-jsx-self/-/plugin-transform-react-jsx-self-7.27.1.tgz. Extracting by manifest.
919 silly tarball no local data for @babel/parser@https://registry.npmjs.org/@babel/parser/-/parser-7.29.2.tgz. Extracting by manifest.
920 silly tarball no local data for @babel/helper-validator-identifier@https://registry.npmjs.org/@babel/helper-validator-identifier/-/helper-validator-identifier-7.28.5.tgz. Extracting by manifest.
921 silly tarball no local data for @babel/helper-plugin-utils@https://registry.npmjs.org/@babel/helper-plugin-utils/-/helper-plugin-utils-7.28.6.tgz. Extracting by manifest.
922 silly tarball no local data for @babel/helper-validator-option@https://registry.npmjs.org/@babel/helper-validator-option/-/helper-validator-option-7.27.1.tgz. Extracting by manifest.
923 silly tarball no local data for @babel/helper-string-parser@https://registry.npmjs.org/@babel/helper-string-parser/-/helper-string-parser-7.27.1.tgz. Extracting by manifest.
924 silly tarball no local data for @babel/helper-module-imports@https://registry.npmjs.org/@babel/helper-module-imports/-/helper-module-imports-7.28.6.tgz. Extracting by manifest.
925 silly tarball no local data for @babel/helper-module-transforms@https://registry.npmjs.org/@babel/helper-module-transforms/-/helper-module-transforms-7.28.6.tgz. Extracting by manifest.
926 silly tarball no local data for @babel/generator@https://registry.npmjs.org/@babel/generator/-/generator-7.29.1.tgz. Extracting by manifest.
927 silly tarball no local data for @babel/helper-compilation-targets@https://registry.npmjs.org/@babel/helper-compilation-targets/-/helper-compilation-targets-7.28.6.tgz. Extracting by manifest.
928 silly tarball no local data for @babel/helper-globals@https://registry.npmjs.org/@babel/helper-globals/-/helper-globals-7.28.0.tgz. Extracting by manifest.
929 silly tarball no local data for @babel/core@https://registry.npmjs.org/@babel/core/-/core-7.29.0.tgz. Extracting by manifest.
930 silly tarball no local data for @babel/compat-data@https://registry.npmjs.org/@babel/compat-data/-/compat-data-7.29.0.tgz. Extracting by manifest.
931 silly tarball no local data for @astrojs/react@https://registry.npmjs.org/@astrojs/react/-/react-4.4.2.tgz. Extracting by manifest.
932 silly tarball no local data for @babel/code-frame@https://registry.npmjs.org/@babel/code-frame/-/code-frame-7.29.0.tgz. Extracting by manifest.
933 silly tarball no local data for @astrojs/tailwind@https://registry.npmjs.org/@astrojs/tailwind/-/tailwind-5.1.5.tgz. Extracting by manifest.
934 silly tarball no local data for @astrojs/telemetry@https://registry.npmjs.org/@astrojs/telemetry/-/telemetry-3.3.0.tgz. Extracting by manifest.
935 silly tarball no local data for @astrojs/prism@https://registry.npmjs.org/@astrojs/prism/-/prism-3.3.0.tgz. Extracting by manifest.
936 silly tarball no local data for @astrojs/internal-helpers@https://registry.npmjs.org/@astrojs/internal-helpers/-/internal-helpers-0.7.6.tgz. Extracting by manifest.
937 silly tarball no local data for @astrojs/markdown-remark@https://registry.npmjs.org/@astrojs/markdown-remark/-/markdown-remark-6.3.11.tgz. Extracting by manifest.
938 silly tarball no local data for @astrojs/compiler@https://registry.npmjs.org/@astrojs/compiler/-/compiler-2.13.1.tgz. Extracting by manifest.
939 silly tarball no local data for @esbuild/win32-x64@https://registry.npmjs.org/@esbuild/win32-x64/-/win32-x64-0.25.12.tgz. Extracting by manifest.
940 silly tarball no local data for lru-cache@https://registry.npmjs.org/lru-cache/-/lru-cache-11.2.7.tgz. Extracting by manifest.
941 silly tarball no local data for readdirp@https://registry.npmjs.org/readdirp/-/readdirp-3.6.0.tgz. Extracting by manifest.
942 silly tarball no local data for glob-parent@https://registry.npmjs.org/glob-parent/-/glob-parent-5.1.2.tgz. Extracting by manifest.
943 silly tarball no local data for @alloc/quick-lru@https://registry.npmjs.org/@alloc/quick-lru/-/quick-lru-5.2.0.tgz. Extracting by manifest.
944 silly tarball no local data for esbuild@https://registry.npmjs.org/esbuild/-/esbuild-0.25.12.tgz. Extracting by manifest.
945 silly tarball no local data for commander@https://registry.npmjs.org/commander/-/commander-4.1.1.tgz. Extracting by manifest.
946 silly tarball no local data for picomatch@https://registry.npmjs.org/picomatch/-/picomatch-2.3.2.tgz. Extracting by manifest.
947 silly tarball no local data for eventemitter3@https://registry.npmjs.org/eventemitter3/-/eventemitter3-4.0.7.tgz. Extracting by manifest.
948 silly tarball no local data for kleur@https://registry.npmjs.org/kleur/-/kleur-3.0.3.tgz. Extracting by manifest.
949 silly tarball no local data for semver@https://registry.npmjs.org/semver/-/semver-7.7.4.tgz. Extracting by manifest.
950 silly tarball no local data for chokidar@https://registry.npmjs.org/chokidar/-/chokidar-3.6.0.tgz. Extracting by manifest.
951 silly tarball no local data for jiti@https://registry.npmjs.org/jiti/-/jiti-1.21.7.tgz. Extracting by manifest.
952 silly tarball no local data for react-is@https://registry.npmjs.org/react-is/-/react-is-16.13.1.tgz. Extracting by manifest.
953 silly tarball no local data for entities@https://registry.npmjs.org/entities/-/entities-6.0.1.tgz. Extracting by manifest.
954 silly tarball no local data for entities@https://registry.npmjs.org/entities/-/entities-4.5.0.tgz. Extracting by manifest.
955 silly tarball no local data for glob-parent@https://registry.npmjs.org/glob-parent/-/glob-parent-5.1.2.tgz. Extracting by manifest.
956 silly tarball no local data for picomatch@https://registry.npmjs.org/picomatch/-/picomatch-2.3.2.tgz. Extracting by manifest.
957 silly tarball no local data for mdn-data@https://registry.npmjs.org/mdn-data/-/mdn-data-2.0.28.tgz. Extracting by manifest.
958 silly tarball no local data for picomatch@https://registry.npmjs.org/picomatch/-/picomatch-2.3.2.tgz. Extracting by manifest.
959 silly tarball no local data for css-tree@https://registry.npmjs.org/css-tree/-/css-tree-2.2.1.tgz. Extracting by manifest.
960 silly tarball no local data for semver@https://registry.npmjs.org/semver/-/semver-7.7.4.tgz. Extracting by manifest.
961 silly tarball no local data for string-width@https://registry.npmjs.org/string-width/-/string-width-4.2.3.tgz. Extracting by manifest.
962 silly tarball no local data for estree-walker@https://registry.npmjs.org/estree-walker/-/estree-walker-3.0.3.tgz. Extracting by manifest.
963 silly tarball no local data for strip-ansi@https://registry.npmjs.org/strip-ansi/-/strip-ansi-6.0.1.tgz. Extracting by manifest.
964 silly tarball no local data for emoji-regex@https://registry.npmjs.org/emoji-regex/-/emoji-regex-8.0.0.tgz. Extracting by manifest.
965 silly tarball no local data for ansi-regex@https://registry.npmjs.org/ansi-regex/-/ansi-regex-5.0.1.tgz. Extracting by manifest.
966 http fetch POST 200 https://registry.npmjs.org/-/npm/v1/security/advisories/bulk 2794ms
967 silly audit report {
967 silly audit report   '@babel/core': [
967 silly audit report     {
967 silly audit report       id: 1123528,
967 silly audit report       url: 'https://github.com/advisories/GHSA-4x5r-pxfx-6jf8',
967 silly audit report       title: '@babel/core: Arbitrary File Read via sourceMappingURL Comment',
967 silly audit report       severity: 'low',
967 silly audit report       vulnerable_versions: '<=7.29.0',
967 silly audit report       cwe: [Array],
967 silly audit report       cvss: [Object]
967 silly audit report     }
967 silly audit report   ],
967 silly audit report   astro: [
967 silly audit report     {
967 silly audit report       id: 1118920,
967 silly audit report       url: 'https://github.com/advisories/GHSA-xr5h-phrj-8vxv',
967 silly audit report       title: 'Astro: Server island encrypted parameters vulnerable to cross-component replay',
967 silly audit report       severity: 'low',
967 silly audit report       vulnerable_versions: '<6.1.10',
967 silly audit report       cwe: [Array],
967 silly audit report       cvss: [Object]
967 silly audit report     },
967 silly audit report     {
967 silly audit report       id: 1120917,
967 silly audit report       url: 'https://github.com/advisories/GHSA-2pvr-wf23-7pc7',
967 silly audit report       title: 'Astro: Host header SSRF in prerendered error page fetch',
967 silly audit report       severity: 'high',
967 silly audit report       vulnerable_versions: '<6.4.6',
967 silly audit report       cwe: [Array],
967 silly audit report       cvss: [Object]
967 silly audit report     },
967 silly audit report     {
967 silly audit report       id: 1120912,
967 silly audit report       url: 'https://github.com/advisories/GHSA-8hv8-536x-4wqp',
967 silly audit report       title: 'Astro: Reflected XSS via unescaped slot name',
967 silly audit report       severity: 'high',
967 silly audit report       vulnerable_versions: '<6.3.3',
967 silly audit report       cwe: [Array],
967 silly audit report       cvss: [Object]
967 silly audit report     },
967 silly audit report     {
967 silly audit report       id: 1117141,
967 silly audit report       url: 'https://github.com/advisories/GHSA-j687-52p2-xcff',
967 silly audit report       title: 'Astro: XSS in define:vars via incomplete </script> tag sanitization',
967 silly audit report       severity: 'moderate',
967 silly audit report       vulnerable_versions: '<6.1.6',
967 silly audit report       cwe: [Array],
967 silly audit report       cvss: [Object]
967 silly audit report     },
967 silly audit report     {
967 silly audit report       id: 1123700,
967 silly audit report       url: 'https://github.com/advisories/GHSA-jrpj-wcv7-9fh9',
967 silly audit report       title: 'Astro: XSS via Unescaped Attribute Names in Spread Props',
967 silly audit report       severity: 'moderate',
967 silly audit report       vulnerable_versions: '<6.4.6',
967 silly audit report       cwe: [Array],
967 silly audit report       cvss: [Object]
967 silly audit report     },
967 silly audit report     {
967 silly audit report       id: 1123899,
967 silly audit report       url: 'https://github.com/advisories/GHSA-4g3v-8h47-v7g6',
967 silly audit report       title: 'Astro: Reflected XSS via unescaped View Transition animation properties',
967 silly audit report       severity: 'moderate',
967 silly audit report       vulnerable_versions: '>=2.9.0 <=7.0.9',
967 silly audit report       cwe: [Array],
967 silly audit report       cvss: [Object]
967 silly audit report     },
967 silly audit report     {
967 silly audit report       id: 1123979,
967 silly audit report       url: 'https://github.com/advisories/GHSA-f48w-9m4c-m7f5',
967 silly audit report       title: 'Astro: XSS via unescaped spread attribute names in renderHTMLElement (incomplete fix for CVE-2026-54298)',
967 silly audit report       severity: 'moderate',
967 silly audit report       vulnerable_versions: '<7.0.6',
967 silly audit report       cwe: [Array],
967 silly audit report       cvss: [Object]
967 silly audit report     },
967 silly audit report     {
967 silly audit report       id: 1123981,
967 silly audit report       url: 'https://github.com/advisories/GHSA-7pw4-f3q4-r2p2',
967 silly audit report       title: 'Astro: Cross-site scripting via unescaped transition:* directive values on hydrated islands',
967 silly audit report       severity: 'low',
967 silly audit report       vulnerable_versions: '>=3.10.0 <7.0.4',
967 silly audit report       cwe: [Array],
967 silly audit report       cvss: [Object]
967 silly audit report     }
967 silly audit report   ],
967 silly audit report   devalue: [
967 silly audit report     {
967 silly audit report       id: 1120448,
967 silly audit report       url: 'https://github.com/advisories/GHSA-77vg-94rm-hx3p',
967 silly audit report       title: 'Svelte devalue: DoS via sparse array deserialization',
967 silly audit report       severity: 'high',
967 silly audit report       vulnerable_versions: '>=5.6.3 <=5.8.0',
967 silly audit report       cwe: [Array],
967 silly audit report       cvss: [Object]
967 silly audit report     }
967 silly audit report   ],
967 silly audit report   esbuild: [
967 silly audit report     {
967 silly audit report       id: 1120680,
967 silly audit report       url: 'https://github.com/advisories/GHSA-g7r4-m6w7-qqqr',
967 silly audit report       title: 'esbuild allows arbitrary file read when running the development server on Windows',
967 silly audit report       severity: 'low',
967 silly audit report       vulnerable_versions: '>=0.27.3 <0.28.1',
967 silly audit report       cwe: [Array],
967 silly audit report       cvss: [Object]
967 silly audit report     }
967 silly audit report   ],
967 silly audit report   'js-yaml': [
967 silly audit report     {
967 silly audit report       id: 1121860,
967 silly audit report       url: 'https://github.com/advisories/GHSA-h67p-54hq-rp68',
967 silly audit report       title: 'JS-YAML: Quadratic-complexity DoS in merge key handling via repeated aliases',
967 silly audit report       severity: 'moderate',
967 silly audit report       vulnerable_versions: '>=4.0.0 <=4.1.1',
967 silly audit report       cwe: [Array],
967 silly audit report       cvss: [Object]
967 silly audit report     },
967 silly audit report     {
967 silly audit report       id: 1123911,
967 silly audit report       url: 'https://github.com/advisories/GHSA-52cp-r559-cp3m',
967 silly audit report       title: 'js-yaml: YAML merge-key chains can force quadratic CPU consumption',
967 silly audit report       severity: 'high',
967 silly audit report       vulnerable_versions: '>=4.0.0 <4.3.0',
967 silly audit report       cwe: [Array],
967 silly audit report       cvss: [Object]
967 silly audit report     }
967 silly audit report   ],
967 silly audit report   postcss: [
967 silly audit report     {
967 silly audit report       id: 1130709,
967 silly audit report       url: 'https://github.com/advisories/GHSA-fxqj-rqcc-2cmp',
967 silly audit report       title: 'PostCSS: incomplete fix of GHSA-6g55-p6wh-862q — attacker-controlled sourceMappingURL reads arbitrary .map files when `from` is unset',
967 silly audit report       severity: 'moderate',
967 silly audit report       vulnerable_versions: '<=8.5.22',
967 silly audit report       cwe: [Array],
967 silly audit report       cvss: [Object]
967 silly audit report     },
967 silly audit report     {
967 silly audit report       id: 1117015,
967 silly audit report       url: 'https://github.com/advisories/GHSA-qx2v-qp2m-jg93',
967 silly audit report       title: 'PostCSS has XSS via Unescaped </style> in its CSS Stringify Output',
967 silly audit report       severity: 'moderate',
967 silly audit report       vulnerable_versions: '<8.5.10',
967 silly audit report       cwe: [Array],
967 silly audit report       cvss: [Object]
967 silly audit report     },
967 silly audit report     {
967 silly audit report       id: 1124252,
967 silly audit report       url: 'https://github.com/advisories/GHSA-6g55-p6wh-862q',
967 silly audit report       title: 'PostCSS: Arbitrary file read and information disclosure via attacker-controlled sourceMappingURL in CSS comments',
967 silly audit report       severity: 'high',
967 silly audit report       vulnerable_versions: '<=8.5.11',
967 silly audit report       cwe: [Array],
967 silly audit report       cvss: [Object]
967 silly audit report     },
967 silly audit report     {
967 silly audit report       id: 1124288,
967 silly audit report       url: 'https://github.com/advisories/GHSA-r28c-9q8g-f849',
967 silly audit report       title: 'PostCSS: Path Traversal in Previous Source Map Auto-Loading (sourceMappingURL) leads to Arbitrary .map File Disclosure',
967 silly audit report       severity: 'high',
967 silly audit report       vulnerable_versions: '<=8.5.17',
967 silly audit report       cwe: [Array],
967 silly audit report       cvss: [Object]
967 silly audit report     }
967 silly audit report   ],
967 silly audit report   sharp: [
967 silly audit report     {
967 silly audit report       id: 1124066,
967 silly audit report       url: 'https://github.com/advisories/GHSA-f88m-g3jw-g9cj',
967 silly audit report       title: 'sharp inherited vulnerabilities in libvips: CVE-2026-33327, CVE-2026-33328, CVE-2026-35590, CVE-2026-35591',
967 silly audit report       severity: 'high',
967 silly audit report       vulnerable_versions: '<0.35.0',
967 silly audit report       cwe: [Array],
967 silly audit report       cvss: [Object]
967 silly audit report     }
967 silly audit report   ],
967 silly audit report   svgo: [
967 silly audit report     {
967 silly audit report       id: 1124019,
967 silly audit report       url: 'https://github.com/advisories/GHSA-2p49-hgcm-8545',
967 silly audit report       title: 'SVGO removeScripts plugin leaves some executable scripts intact',
967 silly audit report       severity: 'high',
967 silly audit report       vulnerable_versions: '>=4.0.0 <4.0.2',
967 silly audit report       cwe: [Array],
967 silly audit report       cvss: [Object]
967 silly audit report     }
967 silly audit report   ],
967 silly audit report   vite: [
967 silly audit report     {
967 silly audit report       id: 1120784,
967 silly audit report       url: 'https://github.com/advisories/GHSA-v6wh-96g9-6wx3',
967 silly audit report       title: 'launch-editor: NTLMv2 hash disclosure via UNC path handling on Windows',
967 silly audit report       severity: 'moderate',
967 silly audit report       vulnerable_versions: '<=6.4.2',
967 silly audit report       cwe: [Array],
967 silly audit report       cvss: [Object]
967 silly audit report     },
967 silly audit report     {
967 silly audit report       id: 1116229,
967 silly audit report       url: 'https://github.com/advisories/GHSA-4w7w-66w2-5vf9',
967 silly audit report       title: 'Vite Vulnerable to Path Traversal in Optimized Deps `.map` Handling',
967 silly audit report       severity: 'moderate',
967 silly audit report       vulnerable_versions: '<=6.4.1',
967 silly audit report       cwe: [Array],
967 silly audit report       cvss: [Object]
967 silly audit report     },
967 silly audit report     {
967 silly audit report       id: 1116234,
967 silly audit report       url: 'https://github.com/advisories/GHSA-p9ff-h696-f583',
967 silly audit report       title: 'Vite Vulnerable to Arbitrary File Read via Vite Dev Server WebSocket',
967 silly audit report       severity: 'high',
967 silly audit report       vulnerable_versions: '>=6.0.0 <=6.4.1',
967 silly audit report       cwe: [Array],
967 silly audit report       cvss: [Object]
967 silly audit report     },
967 silly audit report     {
967 silly audit report       id: 1123525,
967 silly audit report       url: 'https://github.com/advisories/GHSA-fx2h-pf6j-xcff',
967 silly audit report       title: 'vite: `server.fs.deny` bypass on Windows alternate paths',
967 silly audit report       severity: 'high',
967 silly audit report       vulnerable_versions: '<=6.4.2',
967 silly audit report       cwe: [Array],
967 silly audit report       cvss: [Object]
967 silly audit report     }
967 silly audit report   ]
967 silly audit report }
968 silly packumentCache corgi:https://registry.npmjs.org/@babel%2fcore cache-miss
969 silly packumentCache corgi:https://registry.npmjs.org/astro cache-miss
970 silly packumentCache corgi:https://registry.npmjs.org/devalue cache-miss
971 silly packumentCache corgi:https://registry.npmjs.org/esbuild cache-miss
972 silly packumentCache corgi:https://registry.npmjs.org/js-yaml cache-miss
973 silly packumentCache corgi:https://registry.npmjs.org/postcss cache-miss
974 silly packumentCache corgi:https://registry.npmjs.org/sharp cache-miss
975 silly packumentCache corgi:https://registry.npmjs.org/svgo cache-miss
976 silly packumentCache corgi:https://registry.npmjs.org/vite cache-miss
977 http fetch GET 200 https://registry.npmjs.org/zwitch/-/zwitch-2.0.4.tgz 2282ms (cache miss)
978 http fetch GET 200 https://registry.npmjs.org/which-pm-runs/-/which-pm-runs-1.1.0.tgz 4633ms (cache miss)
979 http fetch GET https://registry.npmjs.org/web-namespaces/-/web-namespaces-2.0.1.tgz attempt 1 failed with ECONNRESET
980 http fetch GET https://registry.npmjs.org/zustand/-/zustand-4.5.7.tgz attempt 1 failed with ETIMEDOUT
981 http fetch GET https://registry.npmjs.org/zod-to-json-schema/-/zod-to-json-schema-3.25.2.tgz attempt 1 failed with ETIMEDOUT
982 http fetch GET https://registry.npmjs.org/zod/-/zod-3.25.76.tgz attempt 1 failed with ETIMEDOUT
983 http fetch GET https://registry.npmjs.org/yocto-spinner/-/yocto-spinner-0.2.3.tgz attempt 1 failed with ETIMEDOUT
984 http fetch GET https://registry.npmjs.org/zod-to-ts/-/zod-to-ts-1.2.0.tgz attempt 1 failed with ETIMEDOUT
985 http fetch GET https://registry.npmjs.org/yocto-queue/-/yocto-queue-1.2.2.tgz attempt 1 failed with ETIMEDOUT
986 http fetch GET https://registry.npmjs.org/yaml/-/yaml-2.8.3.tgz attempt 1 failed with ETIMEDOUT
987 http fetch GET https://registry.npmjs.org/yoctocolors/-/yoctocolors-2.1.2.tgz attempt 1 failed with ETIMEDOUT
988 http fetch GET https://registry.npmjs.org/xxhash-wasm/-/xxhash-wasm-1.1.0.tgz attempt 1 failed with ETIMEDOUT
989 http fetch GET https://registry.npmjs.org/yargs-parser/-/yargs-parser-21.1.1.tgz attempt 1 failed with ETIMEDOUT
990 http fetch GET https://registry.npmjs.org/yallist/-/yallist-3.1.1.tgz attempt 1 failed with ETIMEDOUT
991 http fetch GET https://registry.npmjs.org/widest-line/-/widest-line-5.0.0.tgz attempt 1 failed with ETIMEDOUT
992 http fetch GET https://registry.npmjs.org/wrap-ansi/-/wrap-ansi-9.0.2.tgz attempt 1 failed with ETIMEDOUT
993 http fetch GET https://registry.npmjs.org/vitefu/-/vitefu-1.1.3.tgz attempt 1 failed with ECONNRESET
994 http fetch GET 200 https://registry.npmjs.org/web-namespaces/-/web-namespaces-2.0.1.tgz 28844ms attempt #2 (cache miss)
995 http fetch GET 200 https://registry.npmjs.org/vite/-/vite-6.4.1.tgz 29736ms (cache miss)
996 http fetch GET 200 https://registry.npmjs.org/vfile-location/-/vfile-location-5.0.3.tgz 29773ms (cache miss)
997 http fetch GET 200 https://registry.npmjs.org/victory-vendor/-/victory-vendor-36.9.2.tgz 31034ms (cache miss)
998 http fetch GET 200 https://registry.npmjs.org/util-deprecate/-/util-deprecate-1.0.2.tgz 31231ms (cache miss)
999 http fetch GET 200 https://registry.npmjs.org/vfile/-/vfile-6.0.3.tgz 31768ms (cache miss)
1000 http fetch GET 200 https://registry.npmjs.org/vfile-message/-/vfile-message-4.0.3.tgz 32265ms (cache miss)
1001 http fetch GET 200 https://registry.npmjs.org/update-browserslist-db/-/update-browserslist-db-1.2.3.tgz 32402ms (cache miss)
1002 http fetch GET 200 https://registry.npmjs.org/use-sync-external-store/-/use-sync-external-store-1.6.0.tgz 32472ms (cache miss)
1003 http fetch GET 200 https://registry.npmjs.org/unist-util-visit-parents/-/unist-util-visit-parents-6.0.2.tgz 32629ms (cache miss)
1004 http fetch GET 200 https://registry.npmjs.org/unstorage/-/unstorage-1.17.5.tgz 33057ms (cache miss)
1005 http fetch GET 200 https://registry.npmjs.org/unist-util-visit/-/unist-util-visit-5.1.0.tgz 33137ms (cache miss)
1006 http fetch GET 200 https://registry.npmjs.org/unist-util-stringify-position/-/unist-util-stringify-position-4.0.0.tgz 33191ms (cache miss)
1007 http fetch GET 200 https://registry.npmjs.org/unist-util-visit-children/-/unist-util-visit-children-3.0.0.tgz 33258ms (cache miss)
1008 http fetch GET 200 https://registry.npmjs.org/unist-util-remove-position/-/unist-util-remove-position-5.0.0.tgz 33317ms (cache miss)
1009 http fetch GET 200 https://registry.npmjs.org/unist-util-modify-children/-/unist-util-modify-children-4.0.0.tgz 33383ms (cache miss)
1010 http fetch GET 200 https://registry.npmjs.org/unist-util-is/-/unist-util-is-6.0.1.tgz 33452ms (cache miss)
1011 http fetch GET 200 https://registry.npmjs.org/unifont/-/unifont-0.7.4.tgz 33539ms (cache miss)
1012 http fetch GET 200 https://registry.npmjs.org/unist-util-find-after/-/unist-util-find-after-5.0.0.tgz 33585ms (cache miss)
1013 http fetch GET 200 https://registry.npmjs.org/unified/-/unified-11.0.5.tgz 33702ms (cache miss)
1014 http fetch GET 200 https://registry.npmjs.org/unist-util-position/-/unist-util-position-5.0.0.tgz 33733ms (cache miss)
1015 http fetch GET 200 https://registry.npmjs.org/ufo/-/ufo-1.6.3.tgz 33862ms (cache miss)
1016 http fetch GET 200 https://registry.npmjs.org/uncrypto/-/uncrypto-0.1.3.tgz 33972ms (cache miss)
1017 http fetch GET 200 https://registry.npmjs.org/ultrahtml/-/ultrahtml-1.6.0.tgz 34025ms (cache miss)
1018 http fetch GET 200 https://registry.npmjs.org/tslib/-/tslib-2.8.1.tgz 34052ms (cache miss)
1019 http fetch GET 200 https://registry.npmjs.org/tsconfck/-/tsconfck-3.1.6.tgz 34138ms (cache miss)
1020 http fetch GET 200 https://registry.npmjs.org/trough/-/trough-2.2.0.tgz 34995ms (cache miss)
1021 http fetch GET 200 https://registry.npmjs.org/ts-interface-checker/-/ts-interface-checker-0.1.13.tgz 35051ms (cache miss)
1022 http fetch GET 200 https://registry.npmjs.org/trim-lines/-/trim-lines-3.0.1.tgz 35116ms (cache miss)
1023 http fetch GET 200 https://registry.npmjs.org/tinyglobby/-/tinyglobby-0.2.15.tgz 35169ms (cache miss)
1024 http fetch GET 200 https://registry.npmjs.org/tinyexec/-/tinyexec-1.0.4.tgz 35230ms (cache miss)
1025 http fetch GET 200 https://registry.npmjs.org/to-regex-range/-/to-regex-range-5.0.1.tgz 35288ms (cache miss)
1026 http fetch GET 200 https://registry.npmjs.org/tiny-inflate/-/tiny-inflate-1.0.3.tgz 35343ms (cache miss)
1027 http fetch GET 200 https://registry.npmjs.org/type-fest/-/type-fest-4.41.0.tgz 35400ms (cache miss)
1028 http fetch GET 200 https://registry.npmjs.org/tiny-invariant/-/tiny-invariant-1.3.3.tgz 35422ms (cache miss)
1029 http fetch GET 200 https://registry.npmjs.org/thenify/-/thenify-3.3.1.tgz 35497ms (cache miss)
1030 http fetch GET 200 https://registry.npmjs.org/supports-preserve-symlinks-flag/-/supports-preserve-symlinks-flag-1.0.0.tgz 35863ms (cache miss)
1031 http fetch GET 200 https://registry.npmjs.org/thenify-all/-/thenify-all-1.6.0.tgz 36027ms (cache miss)
1032 http fetch GET 200 https://registry.npmjs.org/yallist/-/yallist-3.1.1.tgz 36409ms attempt #2 (cache miss)
1033 http fetch GET 200 https://registry.npmjs.org/yocto-queue/-/yocto-queue-1.2.2.tgz 36446ms attempt #2 (cache miss)
1034 http fetch GET 200 https://registry.npmjs.org/yoctocolors/-/yoctocolors-2.1.2.tgz 36462ms attempt #2 (cache miss)
1035 http fetch GET 200 https://registry.npmjs.org/yocto-spinner/-/yocto-spinner-0.2.3.tgz 36477ms attempt #2 (cache miss)
1036 http fetch GET 200 https://registry.npmjs.org/widest-line/-/widest-line-5.0.0.tgz 36482ms attempt #2 (cache miss)
1037 http fetch GET 200 https://registry.npmjs.org/wrap-ansi/-/wrap-ansi-9.0.2.tgz 36486ms attempt #2 (cache miss)
1038 http fetch GET 200 https://registry.npmjs.org/zod-to-ts/-/zod-to-ts-1.2.0.tgz 36512ms attempt #2 (cache miss)
1039 http fetch GET 200 https://registry.npmjs.org/strip-ansi/-/strip-ansi-7.2.0.tgz 36365ms (cache miss)
1040 http fetch GET 200 https://registry.npmjs.org/string-width/-/string-width-7.2.0.tgz 36367ms (cache miss)
1041 http fetch GET 200 https://registry.npmjs.org/sisteransi/-/sisteransi-1.0.5.tgz 36363ms (cache miss)
1042 http fetch GET 200 https://registry.npmjs.org/space-separated-tokens/-/space-separated-tokens-2.0.2.tgz 36375ms (cache miss)
1043 http fetch GET 200 https://registry.npmjs.org/xxhash-wasm/-/xxhash-wasm-1.1.0.tgz 36585ms attempt #2 (cache miss)
1044 http fetch GET 200 https://registry.npmjs.org/yargs-parser/-/yargs-parser-21.1.1.tgz 36595ms attempt #2 (cache miss)
1045 http fetch GET 200 https://registry.npmjs.org/source-map-js/-/source-map-js-1.2.1.tgz 36517ms (cache miss)
1046 http fetch GET 200 https://registry.npmjs.org/stringify-entities/-/stringify-entities-4.0.4.tgz 36538ms (cache miss)
1047 http fetch GET 200 https://registry.npmjs.org/smol-toml/-/smol-toml-1.6.1.tgz 36532ms (cache miss)
1048 http fetch GET 200 https://registry.npmjs.org/tailwind-merge/-/tailwind-merge-2.6.1.tgz 36635ms (cache miss)
1049 http fetch GET 200 https://registry.npmjs.org/run-parallel/-/run-parallel-1.2.0.tgz 36687ms (cache miss)
1050 http fetch GET 200 https://registry.npmjs.org/retext-stringify/-/retext-stringify-4.0.0.tgz 36743ms (cache miss)
1051 http fetch GET 200 https://registry.npmjs.org/retext/-/retext-9.0.0.tgz 36813ms (cache miss)
1052 http fetch GET 200 https://registry.npmjs.org/sax/-/sax-1.6.0.tgz 36843ms (cache miss)
1053 http fetch GET 200 https://registry.npmjs.org/retext-smartypants/-/retext-smartypants-6.2.0.tgz 36846ms (cache miss)
1054 http fetch GET 200 https://registry.npmjs.org/scheduler/-/scheduler-0.23.2.tgz 36891ms (cache miss)
1055 http fetch GET 200 https://registry.npmjs.org/reusify/-/reusify-1.1.0.tgz 36886ms (cache miss)
1056 http fetch GET 200 https://registry.npmjs.org/remark-stringify/-/remark-stringify-11.0.0.tgz 36905ms (cache miss)
1057 http fetch GET 200 https://registry.npmjs.org/retext-latin/-/retext-latin-4.0.0.tgz 36909ms (cache miss)
1058 http fetch GET 200 https://registry.npmjs.org/remark-smartypants/-/remark-smartypants-3.0.2.tgz 36912ms (cache miss)
1059 http fetch GET 200 https://registry.npmjs.org/remark-rehype/-/remark-rehype-11.1.2.tgz 36943ms (cache miss)
1060 http fetch GET 200 https://registry.npmjs.org/remark-parse/-/remark-parse-11.0.0.tgz 37188ms (cache miss)
1061 http fetch GET 200 https://registry.npmjs.org/remark-gfm/-/remark-gfm-4.0.1.tgz 37197ms (cache miss)
1062 http fetch GET 200 https://registry.npmjs.org/rehype-parse/-/rehype-parse-9.0.1.tgz 37204ms (cache miss)
1063 http fetch GET 200 https://registry.npmjs.org/zustand/-/zustand-4.5.7.tgz 37539ms attempt #2 (cache miss)
1064 http fetch GET 200 https://registry.npmjs.org/rehype-raw/-/rehype-raw-7.0.0.tgz 37431ms (cache miss)
1065 http fetch GET 200 https://registry.npmjs.org/regex-utilities/-/regex-utilities-2.3.0.tgz 37451ms (cache miss)
1066 http fetch GET 200 https://registry.npmjs.org/svgo/-/svgo-4.0.1.tgz 37547ms (cache miss)
1067 http fetch GET 200 https://registry.npmjs.org/rehype/-/rehype-13.0.2.tgz 37472ms (cache miss)
1068 http fetch GET 200 https://registry.npmjs.org/readdirp/-/readdirp-5.0.0.tgz 37479ms (cache miss)
1069 http fetch GET 200 https://registry.npmjs.org/rehype-stringify/-/rehype-stringify-10.0.1.tgz 37495ms (cache miss)
1070 http fetch GET 200 https://registry.npmjs.org/regex-recursion/-/regex-recursion-6.0.2.tgz 37493ms (cache miss)
1071 http fetch GET 200 https://registry.npmjs.org/resolve/-/resolve-1.22.11.tgz 37576ms (cache miss)
1072 http fetch GET 200 https://registry.npmjs.org/recharts-scale/-/recharts-scale-0.4.5.tgz 37542ms (cache miss)
1073 http fetch GET 200 https://registry.npmjs.org/zod-to-json-schema/-/zod-to-json-schema-3.25.2.tgz 37794ms attempt #2 (cache miss)
1074 http fetch GET 200 https://registry.npmjs.org/read-cache/-/read-cache-1.0.0.tgz 37594ms (cache miss)
1075 http fetch GET 200 https://registry.npmjs.org/tailwindcss/-/tailwindcss-3.4.19.tgz 37822ms (cache miss)
1076 http fetch GET 200 https://registry.npmjs.org/sucrase/-/sucrase-3.35.1.tgz 37991ms (cache miss)
1077 http fetch GET 200 https://registry.npmjs.org/yaml/-/yaml-2.8.3.tgz 38199ms attempt #2 (cache miss)
1078 http fetch GET 200 https://registry.npmjs.org/react-transition-group/-/react-transition-group-4.4.5.tgz 37982ms (cache miss)
1079 http fetch GET 200 https://registry.npmjs.org/reactflow/-/reactflow-11.11.4.tgz 40580ms (cache miss)
1080 http fetch GET 200 https://registry.npmjs.org/react-is/-/react-is-18.3.1.tgz 40916ms (cache miss)
1081 http fetch GET 200 https://registry.npmjs.org/react-smooth/-/react-smooth-4.0.4.tgz 40942ms (cache miss)
1082 http fetch GET 200 https://registry.npmjs.org/react-refresh/-/react-refresh-0.17.0.tgz 41037ms (cache miss)
1083 http fetch GET 200 https://registry.npmjs.org/regex/-/regex-6.1.0.tgz 41392ms (cache miss)
1084 http fetch GET 200 https://registry.npmjs.org/semver/-/semver-6.3.1.tgz 41728ms (cache miss)
1085 http fetch GET 200 https://registry.npmjs.org/queue-microtask/-/queue-microtask-1.2.3.tgz 41710ms (cache miss)
1086 http fetch GET 200 https://registry.npmjs.org/radix3/-/radix3-1.1.2.tgz 42507ms (cache miss)
1087 http fetch GET 200 https://registry.npmjs.org/prop-types/-/prop-types-15.8.1.tgz 42849ms (cache miss)
1088 http fetch GET 200 https://registry.npmjs.org/property-information/-/property-information-7.1.0.tgz 43051ms (cache miss)
1089 http fetch GET 200 https://registry.npmjs.org/postcss-value-parser/-/postcss-value-parser-4.2.0.tgz 43146ms (cache miss)
1090 http fetch GET 200 https://registry.npmjs.org/prompts/-/prompts-2.4.2.tgz 43613ms (cache miss)
1091 http fetch GET 200 https://registry.npmjs.org/react/-/react-18.3.1.tgz 43824ms (cache miss)
1092 http fetch GET 200 https://registry.npmjs.org/postcss-selector-parser/-/postcss-selector-parser-6.1.2.tgz 43836ms (cache miss)
1093 http fetch GET 200 https://registry.npmjs.org/postcss-nested/-/postcss-nested-6.2.0.tgz 43835ms (cache miss)
1094 http fetch GET 200 https://registry.npmjs.org/postcss-load-config/-/postcss-load-config-4.0.2.tgz 43894ms (cache miss)
1095 http fetch GET 200 https://registry.npmjs.org/postcss-import/-/postcss-import-15.1.0.tgz 43901ms (cache miss)
1096 http fetch GET 200 https://registry.npmjs.org/postcss-js/-/postcss-js-4.1.0.tgz 43934ms (cache miss)
1097 http fetch GET 200 https://registry.npmjs.org/shiki/-/shiki-3.23.0.tgz 44067ms (cache miss)
1098 http fetch GET 200 https://registry.npmjs.org/postcss/-/postcss-8.5.8.tgz 44241ms (cache miss)
1099 http fetch GET 200 https://registry.npmjs.org/pify/-/pify-2.3.0.tgz 44659ms (cache miss)
1100 http fetch GET 200 https://registry.npmjs.org/picomatch/-/picomatch-4.0.4.tgz 44724ms (cache miss)
1101 http fetch GET 200 https://registry.npmjs.org/path-parse/-/path-parse-1.0.7.tgz 44744ms (cache miss)
1102 http fetch GET 200 https://registry.npmjs.org/picocolors/-/picocolors-1.1.1.tgz 44745ms (cache miss)
1103 http fetch GET 200 https://registry.npmjs.org/sharp/-/sharp-0.34.5.tgz 44957ms (cache miss)
1104 http fetch GET 200 https://registry.npmjs.org/piccolore/-/piccolore-0.1.3.tgz 44854ms (cache miss)
1105 http fetch GET 200 https://registry.npmjs.org/pirates/-/pirates-4.0.7.tgz 44885ms (cache miss)
1106 http fetch GET 200 https://registry.npmjs.org/parse-latin/-/parse-latin-7.0.0.tgz 44976ms (cache miss)
1107 http fetch GET 200 https://registry.npmjs.org/package-manager-detector/-/package-manager-detector-1.6.0.tgz 45048ms (cache miss)
1108 http fetch GET 200 https://registry.npmjs.org/p-timeout/-/p-timeout-6.1.4.tgz 45072ms (cache miss)
1109 http fetch GET 200 https://registry.npmjs.org/p-queue/-/p-queue-8.1.1.tgz 45127ms (cache miss)
1110 http fetch GET 200 https://registry.npmjs.org/vitefu/-/vitefu-1.1.3.tgz 45456ms attempt #2 (cache miss)
1111 http fetch GET 200 https://registry.npmjs.org/p-limit/-/p-limit-6.2.0.tgz 45179ms (cache miss)
1112 http fetch GET 200 https://registry.npmjs.org/parse5/-/parse5-7.3.0.tgz 45249ms (cache miss)
1113 http fetch GET 200 https://registry.npmjs.org/ohash/-/ohash-2.0.11.tgz 45227ms (cache miss)
1114 http fetch GET 200 https://registry.npmjs.org/ofetch/-/ofetch-1.5.1.tgz 45238ms (cache miss)
1115 http fetch GET 200 https://registry.npmjs.org/object-hash/-/object-hash-3.0.0.tgz 45364ms (cache miss)
1116 http fetch GET 200 https://registry.npmjs.org/node-releases/-/node-releases-2.0.37.tgz 45398ms (cache miss)
1117 http fetch GET 200 https://registry.npmjs.org/nth-check/-/nth-check-2.1.1.tgz 45447ms (cache miss)
1118 http fetch GET 200 https://registry.npmjs.org/object-assign/-/object-assign-4.1.1.tgz 45443ms (cache miss)
1119 http fetch GET 200 https://registry.npmjs.org/normalize-path/-/normalize-path-3.0.0.tgz 45541ms (cache miss)
1120 http fetch GET 200 https://registry.npmjs.org/node-mock-http/-/node-mock-http-1.0.4.tgz 45587ms (cache miss)
1121 http fetch GET 200 https://registry.npmjs.org/neotraverse/-/neotraverse-0.6.18.tgz 45591ms (cache miss)
1122 http fetch GET 200 https://registry.npmjs.org/nanostores/-/nanostores-1.2.0.tgz 45691ms (cache miss)
1123 http fetch GET 200 https://registry.npmjs.org/nlcst-to-string/-/nlcst-to-string-4.0.0.tgz 45720ms (cache miss)
1124 http fetch GET 200 https://registry.npmjs.org/mz/-/mz-2.7.0.tgz 45737ms (cache miss)
1125 http fetch GET 200 https://registry.npmjs.org/mrmime/-/mrmime-2.0.1.tgz 45773ms (cache miss)
1126 http fetch GET 200 https://registry.npmjs.org/nanoid/-/nanoid-3.3.11.tgz 45799ms (cache miss)
1127 http fetch GET 200 https://registry.npmjs.org/ms/-/ms-2.1.3.tgz 45832ms (cache miss)
1128 http fetch GET 200 https://registry.npmjs.org/rollup/-/rollup-4.60.1.tgz 46032ms (cache miss)
1129 http fetch GET 200 https://registry.npmjs.org/micromark-util-types/-/micromark-util-types-2.0.2.tgz 45833ms (cache miss)
1130 http fetch GET 200 https://registry.npmjs.org/motion-utils/-/motion-utils-12.36.0.tgz 46443ms (cache miss)
1131 http fetch GET 200 https://registry.npmjs.org/micromatch/-/micromatch-4.0.8.tgz 46631ms (cache miss)
1132 http fetch GET 200 https://registry.npmjs.org/micromark-util-normalize-identifier/-/micromark-util-normalize-identifier-2.0.1.tgz 46720ms (cache miss)
1133 http fetch GET 200 https://registry.npmjs.org/micromark-util-sanitize-uri/-/micromark-util-sanitize-uri-2.0.1.tgz 46730ms (cache miss)
1134 http fetch GET 200 https://registry.npmjs.org/micromark-util-encode/-/micromark-util-encode-2.0.1.tgz 46717ms (cache miss)
1135 http fetch GET 200 https://registry.npmjs.org/micromark-util-html-tag-name/-/micromark-util-html-tag-name-2.0.1.tgz 46727ms (cache miss)
1136 http fetch GET 200 https://registry.npmjs.org/micromark-util-resolve-all/-/micromark-util-resolve-all-2.0.1.tgz 46740ms (cache miss)
1137 http fetch GET 200 https://registry.npmjs.org/micromark-util-combine-extensions/-/micromark-util-combine-extensions-2.0.1.tgz 46732ms (cache miss)
1138 http fetch GET 200 https://registry.npmjs.org/micromark-util-classify-character/-/micromark-util-classify-character-2.0.1.tgz 46774ms (cache miss)
1139 http fetch GET 200 https://registry.npmjs.org/micromark-factory-whitespace/-/micromark-factory-whitespace-2.0.1.tgz 46764ms (cache miss)
1140 http fetch GET 200 https://registry.npmjs.org/micromark-util-decode-string/-/micromark-util-decode-string-2.0.1.tgz 46782ms (cache miss)
1141 http fetch GET 200 https://registry.npmjs.org/micromark-util-decode-numeric-character-reference/-/micromark-util-decode-numeric-character-reference-2.0.2.tgz 46773ms (cache miss)
1142 http fetch GET 200 https://registry.npmjs.org/micromark-util-character/-/micromark-util-character-2.1.1.tgz 46804ms (cache miss)
1143 http fetch GET 200 https://registry.npmjs.org/micromark-factory-space/-/micromark-factory-space-2.0.1.tgz 46791ms (cache miss)
1144 http fetch GET 200 https://registry.npmjs.org/micromark-util-subtokenize/-/micromark-util-subtokenize-2.1.0.tgz 46852ms (cache miss)
1145 http fetch GET 200 https://registry.npmjs.org/oniguruma-to-es/-/oniguruma-to-es-4.3.5.tgz 46932ms (cache miss)
1146 http fetch GET 200 https://registry.npmjs.org/micromark-factory-destination/-/micromark-factory-destination-2.0.1.tgz 46928ms (cache miss)
1147 http fetch GET 200 https://registry.npmjs.org/micromark-extension-gfm-tagfilter/-/micromark-extension-gfm-tagfilter-2.0.0.tgz 46924ms (cache miss)
1148 http fetch GET 200 https://registry.npmjs.org/micromark-extension-gfm-task-list-item/-/micromark-extension-gfm-task-list-item-2.1.0.tgz 46927ms (cache miss)
1149 http fetch GET 200 https://registry.npmjs.org/micromark-factory-label/-/micromark-factory-label-2.0.1.tgz 46937ms (cache miss)
1150 http fetch GET 200 https://registry.npmjs.org/micromark-factory-title/-/micromark-factory-title-2.0.1.tgz 46953ms (cache miss)
1151 http fetch GET 200 https://registry.npmjs.org/zod/-/zod-3.25.76.tgz 47388ms attempt #2 (cache miss)
1152 http fetch GET 200 https://registry.npmjs.org/micromark-util-chunked/-/micromark-util-chunked-2.0.1.tgz 46955ms (cache miss)
1153 http fetch GET 200 https://registry.npmjs.org/micromark-extension-gfm/-/micromark-extension-gfm-3.0.0.tgz 46935ms (cache miss)
1154 http fetch GET 200 https://registry.npmjs.org/micromark-util-symbol/-/micromark-util-symbol-2.0.1.tgz 47016ms (cache miss)
1155 http fetch GET 200 https://registry.npmjs.org/micromark-extension-gfm-footnote/-/micromark-extension-gfm-footnote-2.1.0.tgz 46979ms (cache miss)
1156 http fetch GET 200 https://registry.npmjs.org/node-fetch-native/-/node-fetch-native-1.6.7.tgz 47087ms (cache miss)
1157 http fetch GET 200 https://registry.npmjs.org/micromark-extension-gfm-autolink-literal/-/micromark-extension-gfm-autolink-literal-2.1.0.tgz 47051ms (cache miss)
1158 http fetch GET 200 https://registry.npmjs.org/micromark-extension-gfm-strikethrough/-/micromark-extension-gfm-strikethrough-2.1.0.tgz 47113ms (cache miss)
1159 http fetch GET 200 https://registry.npmjs.org/micromark-extension-gfm-table/-/micromark-extension-gfm-table-2.1.1.tgz 47335ms (cache miss)
1160 http fetch GET 200 https://registry.npmjs.org/micromark/-/micromark-4.0.2.tgz 47353ms (cache miss)
1161 http fetch GET 200 https://registry.npmjs.org/merge2/-/merge2-1.4.1.tgz 47353ms (cache miss)
1162 http fetch GET 200 https://registry.npmjs.org/mdast-util-to-string/-/mdast-util-to-string-4.0.0.tgz 47340ms (cache miss)
1163 http fetch GET 200 https://registry.npmjs.org/mdast-util-phrasing/-/mdast-util-phrasing-4.1.0.tgz 47348ms (cache miss)
1164 http fetch GET 200 https://registry.npmjs.org/mdast-util-gfm-table/-/mdast-util-gfm-table-2.0.0.tgz 47415ms (cache miss)
1165 http fetch GET 200 https://registry.npmjs.org/mdast-util-to-hast/-/mdast-util-to-hast-13.2.1.tgz 47495ms (cache miss)
1166 http fetch GET 200 https://registry.npmjs.org/mdast-util-gfm-task-list-item/-/mdast-util-gfm-task-list-item-2.0.0.tgz 47568ms (cache miss)
1167 http fetch GET 200 https://registry.npmjs.org/mdast-util-to-markdown/-/mdast-util-to-markdown-2.1.2.tgz 47637ms (cache miss)
1168 http fetch GET 200 https://registry.npmjs.org/mdast-util-gfm-autolink-literal/-/mdast-util-gfm-autolink-literal-2.0.1.tgz 47624ms (cache miss)
1169 http fetch GET 200 https://registry.npmjs.org/mdast-util-gfm-strikethrough/-/mdast-util-gfm-strikethrough-2.0.0.tgz 48023ms (cache miss)
1170 http fetch GET 200 https://registry.npmjs.org/mdn-data/-/mdn-data-2.27.1.tgz 48050ms (cache miss)
1171 http fetch GET 200 https://registry.npmjs.org/mdast-util-gfm-footnote/-/mdast-util-gfm-footnote-2.1.0.tgz 48053ms (cache miss)
1172 http fetch GET 200 https://registry.npmjs.org/mdast-util-gfm/-/mdast-util-gfm-3.1.0.tgz 48052ms (cache miss)
1173 http fetch GET 200 https://registry.npmjs.org/mdast-util-definitions/-/mdast-util-definitions-6.0.0.tgz 48132ms (cache miss)
1174 http fetch GET 200 https://registry.npmjs.org/motion-dom/-/motion-dom-12.38.0.tgz 48301ms (cache miss)
1175 http fetch GET 200 https://registry.npmjs.org/mdast-util-from-markdown/-/mdast-util-from-markdown-2.0.3.tgz 48263ms (cache miss)
1176 http fetch GET 200 https://registry.npmjs.org/micromark-core-commonmark/-/micromark-core-commonmark-2.0.3.tgz 48331ms (cache miss)
1177 http fetch GET 200 https://registry.npmjs.org/markdown-table/-/markdown-table-3.0.4.tgz 48306ms (cache miss)
1178 http fetch GET 200 https://registry.npmjs.org/mdast-util-find-and-replace/-/mdast-util-find-and-replace-3.0.2.tgz 48346ms (cache miss)
1179 http fetch GET 200 https://registry.npmjs.org/lru-cache/-/lru-cache-5.1.1.tgz 48407ms (cache miss)
1180 http fetch GET 200 https://registry.npmjs.org/loose-envify/-/loose-envify-1.4.0.tgz 48433ms (cache miss)
1181 http fetch GET 200 https://registry.npmjs.org/lilconfig/-/lilconfig-3.1.3.tgz 48451ms (cache miss)
1182 http fetch GET 200 https://registry.npmjs.org/magic-string/-/magic-string-0.30.21.tgz 48484ms (cache miss)
1183 http fetch GET 200 https://registry.npmjs.org/prismjs/-/prismjs-1.30.0.tgz 48756ms (cache miss)
1184 http fetch GET 200 https://registry.npmjs.org/longest-streak/-/longest-streak-3.1.0.tgz 48480ms (cache miss)
1185 http fetch GET 200 https://registry.npmjs.org/lines-and-columns/-/lines-and-columns-1.2.4.tgz 48549ms (cache miss)
1186 http fetch GET 200 https://registry.npmjs.org/magicast/-/magicast-0.5.2.tgz 48617ms (cache miss)
1187 http fetch GET 200 https://registry.npmjs.org/jsesc/-/jsesc-3.1.0.tgz 48569ms (cache miss)
1188 http fetch GET 200 https://registry.npmjs.org/json5/-/json5-2.2.3.tgz 48927ms (cache miss)
1189 http fetch GET 200 https://registry.npmjs.org/js-tokens/-/js-tokens-4.0.0.tgz 48998ms (cache miss)
1190 http fetch GET 200 https://registry.npmjs.org/is-number/-/is-number-7.0.0.tgz 49726ms (cache miss)
1191 http fetch GET 200 https://registry.npmjs.org/is-wsl/-/is-wsl-3.1.1.tgz 49722ms (cache miss)
1192 http fetch GET 200 https://registry.npmjs.org/is-plain-obj/-/is-plain-obj-4.1.0.tgz 49859ms (cache miss)
1193 http fetch GET 200 https://registry.npmjs.org/is-inside-container/-/is-inside-container-1.0.0.tgz 49924ms (cache miss)
1194 http fetch GET 200 https://registry.npmjs.org/is-fullwidth-code-point/-/is-fullwidth-code-point-3.0.0.tgz 49939ms (cache miss)
1195 http fetch GET 200 https://registry.npmjs.org/is-extglob/-/is-extglob-2.1.1.tgz 50009ms (cache miss)
1196 http fetch GET 200 https://registry.npmjs.org/is-core-module/-/is-core-module-2.16.1.tgz 50051ms (cache miss)
1197 http fetch GET 200 https://registry.npmjs.org/is-docker/-/is-docker-3.0.0.tgz 50068ms (cache miss)
1198 http fetch GET 200 https://registry.npmjs.org/is-glob/-/is-glob-4.0.3.tgz 50123ms (cache miss)
1199 http fetch GET 200 https://registry.npmjs.org/is-binary-path/-/is-binary-path-2.1.0.tgz 50111ms (cache miss)
1200 http fetch GET 200 https://registry.npmjs.org/internmap/-/internmap-2.0.3.tgz 50110ms (cache miss)
1201 http fetch GET 200 https://registry.npmjs.org/html-escaper/-/html-escaper-3.0.3.tgz 50144ms (cache miss)
1202 http fetch GET 200 https://registry.npmjs.org/js-yaml/-/js-yaml-4.1.1.tgz 50195ms (cache miss)
1203 http fetch GET 200 https://registry.npmjs.org/http-cache-semantics/-/http-cache-semantics-4.2.0.tgz 50179ms (cache miss)
1204 http fetch GET 200 https://registry.npmjs.org/oniguruma-parser/-/oniguruma-parser-0.12.1.tgz 50519ms (cache miss)
1205 http fetch GET 200 https://registry.npmjs.org/html-void-elements/-/html-void-elements-3.0.0.tgz 50260ms (cache miss)
1206 http fetch GET 200 https://registry.npmjs.org/iron-webcrypto/-/iron-webcrypto-1.2.1.tgz 50288ms (cache miss)
1207 http fetch GET 200 https://registry.npmjs.org/hast-util-to-parse5/-/hast-util-to-parse5-8.0.1.tgz 50281ms (cache miss)
1208 http fetch GET 200 https://registry.npmjs.org/hast-util-raw/-/hast-util-raw-9.1.0.tgz 50294ms (cache miss)
1209 http fetch GET 200 https://registry.npmjs.org/hast-util-to-text/-/hast-util-to-text-4.0.2.tgz 50322ms (cache miss)
1210 http fetch GET 200 https://registry.npmjs.org/hast-util-parse-selector/-/hast-util-parse-selector-4.0.0.tgz 50318ms (cache miss)
1211 http fetch GET 200 https://registry.npmjs.org/hast-util-whitespace/-/hast-util-whitespace-3.0.0.tgz 50335ms (cache miss)
1212 http fetch GET 200 https://registry.npmjs.org/hastscript/-/hastscript-9.0.1.tgz 50343ms (cache miss)
1213 http fetch GET 200 https://registry.npmjs.org/import-meta-resolve/-/import-meta-resolve-4.2.0.tgz 50356ms (cache miss)
1214 http fetch GET 200 https://registry.npmjs.org/hast-util-is-element/-/hast-util-is-element-3.0.0.tgz 50399ms (cache miss)
1215 http fetch GET 200 https://registry.npmjs.org/hast-util-to-html/-/hast-util-to-html-9.0.5.tgz 50417ms (cache miss)
1216 http fetch GET 200 https://registry.npmjs.org/hast-util-from-parse5/-/hast-util-from-parse5-8.0.3.tgz 50424ms (cache miss)
1217 http fetch GET 200 https://registry.npmjs.org/glob-parent/-/glob-parent-6.0.2.tgz 50441ms (cache miss)
1218 http fetch GET 200 https://registry.npmjs.org/hasown/-/hasown-2.0.2.tgz 50446ms (cache miss)
1219 http fetch GET 200 https://registry.npmjs.org/get-east-asian-width/-/get-east-asian-width-1.5.0.tgz 50517ms (cache miss)
1220 http fetch GET 200 https://registry.npmjs.org/github-slugger/-/github-slugger-2.0.0.tgz 50531ms (cache miss)
1221 http fetch GET 200 https://registry.npmjs.org/gensync/-/gensync-1.0.0-beta.2.tgz 50695ms (cache miss)
1222 http fetch GET 200 https://registry.npmjs.org/function-bind/-/function-bind-1.1.2.tgz 50787ms (cache miss)
1223 http fetch GET 200 https://registry.npmjs.org/fill-range/-/fill-range-7.1.1.tgz 50776ms (cache miss)
1224 http fetch GET 200 https://registry.npmjs.org/hast-util-from-html/-/hast-util-from-html-2.0.3.tgz 50815ms (cache miss)
1225 http fetch GET 200 https://registry.npmjs.org/fontace/-/fontace-0.4.1.tgz 50806ms (cache miss)
1226 http fetch GET 200 https://registry.npmjs.org/h3/-/h3-1.15.11.tgz 51235ms (cache miss)
1227 http fetch GET 200 https://registry.npmjs.org/flattie/-/flattie-1.1.1.tgz 51253ms (cache miss)
1228 http fetch GET 200 https://registry.npmjs.org/fraction.js/-/fraction.js-5.3.4.tgz 51273ms (cache miss)
1229 http fetch GET 200 https://registry.npmjs.org/fastq/-/fastq-1.20.1.tgz 51273ms (cache miss)
1230 http fetch GET 200 https://registry.npmjs.org/fdir/-/fdir-6.5.0.tgz 51375ms (cache miss)
1231 http fetch GET 200 https://registry.npmjs.org/eventemitter3/-/eventemitter3-5.0.4.tgz 51438ms (cache miss)
1232 http fetch GET 200 https://registry.npmjs.org/fontkitten/-/fontkitten-1.0.3.tgz 51479ms (cache miss)
1233 http fetch GET 200 https://registry.npmjs.org/extend/-/extend-3.0.2.tgz 51464ms (cache miss)
1234 http fetch GET 200 https://registry.npmjs.org/escalade/-/escalade-3.2.0.tgz 51512ms (cache miss)
1235 http fetch GET 200 https://registry.npmjs.org/escape-string-regexp/-/escape-string-regexp-5.0.0.tgz 51512ms (cache miss)
1236 http fetch GET 200 https://registry.npmjs.org/es-module-lexer/-/es-module-lexer-1.7.0.tgz 51533ms (cache miss)
1237 http fetch GET 200 https://registry.npmjs.org/emoji-regex/-/emoji-regex-10.6.0.tgz 51663ms (cache miss)
1238 http fetch GET 200 https://registry.npmjs.org/dset/-/dset-3.1.4.tgz 51712ms (cache miss)
1239 http fetch GET 200 https://registry.npmjs.org/fast-glob/-/fast-glob-3.3.3.tgz 51812ms (cache miss)
1240 http fetch GET 200 https://registry.npmjs.org/esbuild/-/esbuild-0.27.5.tgz 51804ms (cache miss)
1241 http fetch GET 200 https://registry.npmjs.org/electron-to-chromium/-/electron-to-chromium-1.5.331.tgz 51810ms (cache miss)
1242 http fetch GET 200 https://registry.npmjs.org/domhandler/-/domhandler-5.0.3.tgz 51848ms (cache miss)
1243 http fetch GET 200 https://registry.npmjs.org/domelementtype/-/domelementtype-2.3.0.tgz 51862ms (cache miss)
1244 http fetch GET 200 https://registry.npmjs.org/estree-walker/-/estree-walker-2.0.2.tgz 51891ms (cache miss)
1245 http fetch GET 200 https://registry.npmjs.org/dom-serializer/-/dom-serializer-2.0.0.tgz 51891ms (cache miss)
1246 http fetch GET 200 https://registry.npmjs.org/dlv/-/dlv-1.1.3.tgz 52269ms (cache miss)
1247 http fetch GET 200 https://registry.npmjs.org/domutils/-/domutils-3.2.2.tgz 52458ms (cache miss)
1248 http fetch GET 200 https://registry.npmjs.org/didyoumean/-/didyoumean-1.2.2.tgz 52596ms (cache miss)
1249 http fetch GET 200 https://registry.npmjs.org/devlop/-/devlop-1.1.0.tgz 52726ms (cache miss)
1250 http fetch GET 200 https://registry.npmjs.org/deterministic-object-hash/-/deterministic-object-hash-2.0.2.tgz 52818ms (cache miss)
1251 http fetch GET 200 https://registry.npmjs.org/destr/-/destr-2.0.5.tgz 53197ms (cache miss)
1252 http fetch GET 200 https://registry.npmjs.org/detect-libc/-/detect-libc-2.1.2.tgz 53395ms (cache miss)
1253 http fetch GET 200 https://registry.npmjs.org/fast-equals/-/fast-equals-5.4.0.tgz 53727ms (cache miss)
1254 http fetch GET 200 https://registry.npmjs.org/dequal/-/dequal-2.0.3.tgz 53858ms (cache miss)
1255 http fetch GET 200 https://registry.npmjs.org/devalue/-/devalue-5.6.4.tgz 53879ms (cache miss)
1256 http fetch GET 200 https://registry.npmjs.org/diff/-/diff-8.0.4.tgz 53978ms (cache miss)
1257 http fetch GET 200 https://registry.npmjs.org/defu/-/defu-6.1.6.tgz 54917ms (cache miss)
1258 http fetch GET 200 https://registry.npmjs.org/decode-named-character-reference/-/decode-named-character-reference-1.3.0.tgz 54951ms (cache miss)
1259 http fetch GET 200 https://registry.npmjs.org/debug/-/debug-4.4.3.tgz 55028ms (cache miss)
1260 http fetch GET 200 https://registry.npmjs.org/decimal.js-light/-/decimal.js-light-2.5.1.tgz 55210ms (cache miss)
1261 http fetch GET 200 https://registry.npmjs.org/d3-timer/-/d3-timer-3.0.1.tgz 55752ms (cache miss)
1262 http fetch GET 200 https://registry.npmjs.org/dom-helpers/-/dom-helpers-5.2.1.tgz 56121ms (cache miss)
1263 http fetch GET 200 https://registry.npmjs.org/d3-time/-/d3-time-3.1.0.tgz 56237ms (cache miss)
1264 http fetch GET 200 https://registry.npmjs.org/d3-path/-/d3-path-3.1.0.tgz 56284ms (cache miss)
1265 http fetch GET 200 https://registry.npmjs.org/d3-zoom/-/d3-zoom-3.0.0.tgz 56336ms (cache miss)
1266 http fetch GET 200 https://registry.npmjs.org/d3-scale/-/d3-scale-4.0.2.tgz 56324ms (cache miss)
1267 http fetch GET 200 https://registry.npmjs.org/d3-transition/-/d3-transition-3.0.1.tgz 56413ms (cache miss)
1268 http fetch GET 200 https://registry.npmjs.org/d3-shape/-/d3-shape-3.2.0.tgz 56416ms (cache miss)
1269 http fetch GET 200 https://registry.npmjs.org/d3-interpolate/-/d3-interpolate-3.0.1.tgz 56417ms (cache miss)
1270 http fetch GET 200 https://registry.npmjs.org/d3-selection/-/d3-selection-3.0.0.tgz 57036ms (cache miss)
1271 http fetch GET 200 https://registry.npmjs.org/d3-format/-/d3-format-3.1.2.tgz 57029ms (cache miss)
1272 http fetch GET 200 https://registry.npmjs.org/d3-time-format/-/d3-time-format-4.1.0.tgz 57132ms (cache miss)
1273 http fetch GET 200 https://registry.npmjs.org/d3-ease/-/d3-ease-3.0.1.tgz 57119ms (cache miss)
1274 http fetch GET 200 https://registry.npmjs.org/d3-dispatch/-/d3-dispatch-3.0.1.tgz 57178ms (cache miss)
1275 http fetch GET 200 https://registry.npmjs.org/recharts/-/recharts-2.15.4.tgz 57778ms (cache miss)
1276 http fetch GET 200 https://registry.npmjs.org/d3-drag/-/d3-drag-3.0.0.tgz 57223ms (cache miss)
1277 http fetch GET 200 https://registry.npmjs.org/d3-color/-/d3-color-3.1.0.tgz 57588ms (cache miss)
1278 http fetch GET 200 https://registry.npmjs.org/convert-source-map/-/convert-source-map-2.0.0.tgz 58511ms (cache miss)
1279 http fetch GET 200 https://registry.npmjs.org/cookie/-/cookie-1.1.1.tgz 58521ms (cache miss)
1280 http fetch GET 200 https://registry.npmjs.org/react-dom/-/react-dom-18.3.1.tgz 59348ms (cache miss)
1281 http fetch GET 200 https://registry.npmjs.org/cssesc/-/cssesc-3.0.0.tgz 59010ms (cache miss)
1282 http fetch GET 200 https://registry.npmjs.org/commander/-/commander-11.1.0.tgz 58987ms (cache miss)
1283 http fetch GET 200 https://registry.npmjs.org/css-what/-/css-what-6.2.2.tgz 59312ms (cache miss)
1284 http fetch GET 200 https://registry.npmjs.org/d3-array/-/d3-array-3.2.4.tgz 59714ms (cache miss)
1285 http fetch GET 200 https://registry.npmjs.org/common-ancestor-path/-/common-ancestor-path-1.0.1.tgz 59951ms (cache miss)
1286 http fetch GET 200 https://registry.npmjs.org/cookie-es/-/cookie-es-1.2.3.tgz 59974ms (cache miss)
1287 http fetch GET 200 https://registry.npmjs.org/css-select/-/css-select-5.2.2.tgz 60010ms (cache miss)
1288 http fetch GET 200 https://registry.npmjs.org/comma-separated-tokens/-/comma-separated-tokens-2.0.3.tgz 60006ms (cache miss)
1289 http fetch GET 200 https://registry.npmjs.org/classcat/-/classcat-5.0.5.tgz 60764ms (cache miss)
1290 http fetch GET 200 https://registry.npmjs.org/cli-boxes/-/cli-boxes-3.0.0.tgz 60790ms (cache miss)
1291 http fetch GET 200 https://registry.npmjs.org/clsx/-/clsx-2.1.1.tgz 60820ms (cache miss)
1292 http fetch GET 200 https://registry.npmjs.org/character-entities-legacy/-/character-entities-legacy-3.0.0.tgz 61505ms (cache miss)
1293 http fetch GET 200 https://registry.npmjs.org/character-entities-html4/-/character-entities-html4-2.1.0.tgz 61594ms (cache miss)
1294 http fetch GET 200 https://registry.npmjs.org/chokidar/-/chokidar-5.0.0.tgz 61634ms (cache miss)
1295 http fetch GET 200 https://registry.npmjs.org/ci-info/-/ci-info-4.4.0.tgz 61998ms (cache miss)
1296 http fetch GET 200 https://registry.npmjs.org/crossws/-/crossws-0.3.5.tgz 62098ms (cache miss)
1297 http fetch GET 200 https://registry.npmjs.org/ccount/-/ccount-2.0.1.tgz 62344ms (cache miss)
1298 http fetch GET 200 https://registry.npmjs.org/camelcase-css/-/camelcase-css-2.0.1.tgz 62341ms (cache miss)
1299 http fetch GET 200 https://registry.npmjs.org/csstype/-/csstype-3.2.3.tgz 62773ms (cache miss)
1300 http fetch GET 200 https://registry.npmjs.org/browserslist/-/browserslist-4.28.2.tgz 62709ms (cache miss)
1301 http fetch GET 200 https://registry.npmjs.org/camelcase/-/camelcase-8.0.0.tgz 62714ms (cache miss)
1302 http fetch GET 200 https://registry.npmjs.org/braces/-/braces-3.0.3.tgz 62719ms (cache miss)
1303 http fetch GET 200 https://registry.npmjs.org/chalk/-/chalk-5.6.2.tgz 62759ms (cache miss)
1304 http fetch GET 200 https://registry.npmjs.org/boolbase/-/boolbase-1.0.0.tgz 62830ms (cache miss)
1305 http fetch GET 200 https://registry.npmjs.org/baseline-browser-mapping/-/baseline-browser-mapping-2.10.13.tgz 62846ms (cache miss)
1306 http fetch GET 200 https://registry.npmjs.org/character-entities/-/character-entities-2.0.2.tgz 62880ms (cache miss)
1307 http fetch GET 200 https://registry.npmjs.org/lodash/-/lodash-4.18.1.tgz 63243ms (cache miss)
1308 http fetch GET 200 https://registry.npmjs.org/boxen/-/boxen-8.0.1.tgz 62996ms (cache miss)
1309 http fetch GET 200 https://registry.npmjs.org/base-64/-/base-64-1.0.0.tgz 63078ms (cache miss)
1310 http fetch GET 200 https://registry.npmjs.org/binary-extensions/-/binary-extensions-2.3.0.tgz 63093ms (cache miss)
1311 http fetch GET 200 https://registry.npmjs.org/bail/-/bail-2.0.2.tgz 63095ms (cache miss)
1312 http fetch GET 200 https://registry.npmjs.org/framer-motion/-/framer-motion-12.38.0.tgz 63368ms (cache miss)
1313 http fetch GET 200 https://registry.npmjs.org/array-iterate/-/array-iterate-2.0.1.tgz 63376ms (cache miss)
1314 http fetch GET 200 https://registry.npmjs.org/argparse/-/argparse-2.0.1.tgz 63399ms (cache miss)
1315 http fetch GET 200 https://registry.npmjs.org/any-promise/-/any-promise-1.3.0.tgz 63438ms (cache miss)
1316 http fetch GET 200 https://registry.npmjs.org/ansi-styles/-/ansi-styles-6.2.3.tgz 63439ms (cache miss)
1317 http fetch GET 200 https://registry.npmjs.org/anymatch/-/anymatch-3.1.3.tgz 63459ms (cache miss)
1318 http fetch GET 200 https://registry.npmjs.org/@ungap/structured-clone/-/structured-clone-1.3.0.tgz 63500ms (cache miss)
1319 http fetch GET 200 https://registry.npmjs.org/@vitejs/plugin-react/-/plugin-react-4.7.0.tgz 63523ms (cache miss)
1320 http fetch GET 200 https://registry.npmjs.org/ansi-regex/-/ansi-regex-6.2.2.tgz 63572ms (cache miss)
1321 http fetch GET 200 https://registry.npmjs.org/arg/-/arg-5.0.2.tgz 63596ms (cache miss)
1322 http fetch GET 200 https://registry.npmjs.org/@types/unist/-/unist-3.0.3.tgz 63593ms (cache miss)
1323 http fetch GET 200 https://registry.npmjs.org/@types/prop-types/-/prop-types-15.7.15.tgz 63597ms (cache miss)
1324 http fetch GET 200 https://registry.npmjs.org/@types/react-dom/-/react-dom-18.3.7.tgz 63615ms (cache miss)
1325 http fetch GET 200 https://registry.npmjs.org/ansi-align/-/ansi-align-3.0.1.tgz 63638ms (cache miss)
1326 http fetch GET 200 https://registry.npmjs.org/@types/hast/-/hast-3.0.4.tgz 63635ms (cache miss)
1327 http fetch GET 200 https://registry.npmjs.org/@types/ms/-/ms-2.1.0.tgz 63672ms (cache miss)
1328 http fetch GET 200 https://registry.npmjs.org/@types/estree/-/estree-1.0.8.tgz 63714ms (cache miss)
1329 http fetch GET 200 https://registry.npmjs.org/@types/debug/-/debug-4.1.13.tgz 63845ms (cache miss)
1330 http fetch GET 200 https://registry.npmjs.org/@types/d3-time-format/-/d3-time-format-4.0.3.tgz 63879ms (cache miss)
1331 http fetch GET 200 https://registry.npmjs.org/@types/nlcst/-/nlcst-2.0.3.tgz 63905ms (cache miss)
1332 http fetch GET 200 https://registry.npmjs.org/@types/react/-/react-18.3.28.tgz 63922ms (cache miss)
1333 http fetch GET 200 https://registry.npmjs.org/@types/d3-zoom/-/d3-zoom-3.0.8.tgz 63900ms (cache miss)
1334 http fetch GET 200 https://registry.npmjs.org/@types/d3-shape/-/d3-shape-3.1.8.tgz 63893ms (cache miss)
1335 http fetch GET 200 https://registry.npmjs.org/axobject-query/-/axobject-query-4.1.0.tgz 64036ms (cache miss)
1336 http fetch GET 200 https://registry.npmjs.org/aria-query/-/aria-query-5.3.2.tgz 64182ms (cache miss)
1337 http fetch GET 200 https://registry.npmjs.org/@types/d3-timer/-/d3-timer-3.0.2.tgz 64627ms (cache miss)
1338 http fetch GET 200 https://registry.npmjs.org/@types/d3-random/-/d3-random-3.0.3.tgz 64613ms (cache miss)
1339 http fetch GET 200 https://registry.npmjs.org/@types/d3-transition/-/d3-transition-3.0.9.tgz 64626ms (cache miss)
1340 http fetch GET 200 https://registry.npmjs.org/@types/d3-selection/-/d3-selection-3.0.11.tgz 64620ms (cache miss)
1341 http fetch GET 200 https://registry.npmjs.org/@types/mdast/-/mdast-4.0.4.tgz 64682ms (cache miss)
1342 http fetch GET 200 https://registry.npmjs.org/@types/d3-time/-/d3-time-3.0.4.tgz 64839ms (cache miss)
1343 http fetch GET 200 https://registry.npmjs.org/@types/d3-scale/-/d3-scale-4.0.9.tgz 64842ms (cache miss)
1344 http fetch GET 200 https://registry.npmjs.org/@types/geojson/-/geojson-7946.0.16.tgz 64938ms (cache miss)
1345 http fetch GET 200 https://registry.npmjs.org/@types/d3-scale-chromatic/-/d3-scale-chromatic-3.1.0.tgz 64988ms (cache miss)
1346 http fetch GET 200 https://registry.npmjs.org/autoprefixer/-/autoprefixer-10.4.27.tgz 65145ms (cache miss)
1347 http fetch GET 200 https://registry.npmjs.org/caniuse-lite/-/caniuse-lite-1.0.30001784.tgz 65308ms (cache miss)
1348 http fetch GET 200 https://registry.npmjs.org/@types/d3-path/-/d3-path-3.1.1.tgz 66804ms (cache miss)
1349 http fetch GET 200 https://registry.npmjs.org/@types/d3-polygon/-/d3-polygon-3.0.2.tgz 66927ms (cache miss)
1350 http fetch GET 200 https://registry.npmjs.org/@types/d3-quadtree/-/d3-quadtree-3.0.6.tgz 67062ms (cache miss)
1351 http fetch GET 200 https://registry.npmjs.org/@types/d3-interpolate/-/d3-interpolate-3.0.4.tgz 67102ms (cache miss)
1352 http fetch GET 200 https://registry.npmjs.org/@types/d3-force/-/d3-force-3.0.10.tgz 67324ms (cache miss)
1353 http fetch GET 200 https://registry.npmjs.org/@types/d3-format/-/d3-format-3.0.4.tgz 67322ms (cache miss)
1354 http fetch GET 200 https://registry.npmjs.org/@types/d3-hierarchy/-/d3-hierarchy-3.1.7.tgz 67349ms (cache miss)
1355 http fetch GET 200 https://registry.npmjs.org/@types/d3-fetch/-/d3-fetch-3.0.7.tgz 67630ms (cache miss)
1356 http fetch GET 200 https://registry.npmjs.org/@types/d3-ease/-/d3-ease-3.0.2.tgz 67878ms (cache miss)
1357 http fetch GET 200 https://registry.npmjs.org/@types/d3-dsv/-/d3-dsv-3.0.7.tgz 67925ms (cache miss)
1358 http fetch GET 200 https://registry.npmjs.org/@types/d3-delaunay/-/d3-delaunay-6.0.4.tgz 67931ms (cache miss)
1359 http fetch GET 200 https://registry.npmjs.org/@types/d3-contour/-/d3-contour-3.0.6.tgz 67995ms (cache miss)
1360 http fetch GET 200 https://registry.npmjs.org/@types/d3-chord/-/d3-chord-3.0.6.tgz 67992ms (cache miss)
1361 http fetch GET 200 https://registry.npmjs.org/@types/d3-drag/-/d3-drag-3.0.7.tgz 68037ms (cache miss)
1362 http fetch GET 200 https://registry.npmjs.org/@types/d3-geo/-/d3-geo-3.1.0.tgz 68046ms (cache miss)
1363 http fetch GET 200 https://registry.npmjs.org/@types/babel__traverse/-/babel__traverse-7.28.0.tgz 68040ms (cache miss)
1364 http fetch GET 200 https://registry.npmjs.org/@types/d3-axis/-/d3-axis-3.0.6.tgz 68063ms (cache miss)
1365 http fetch GET 200 https://registry.npmjs.org/@types/d3-color/-/d3-color-3.1.3.tgz 68062ms (cache miss)
1366 http fetch GET 200 https://registry.npmjs.org/@types/d3-brush/-/d3-brush-3.0.6.tgz 68066ms (cache miss)
1367 http fetch GET 200 https://registry.npmjs.org/@shikijs/types/-/types-3.23.0.tgz 68110ms (cache miss)
1368 http fetch GET 200 https://registry.npmjs.org/csso/-/csso-5.0.5.tgz 68385ms (cache miss)
1369 http fetch GET 200 https://registry.npmjs.org/acorn/-/acorn-8.16.0.tgz 68299ms (cache miss)
1370 http fetch GET 200 https://registry.npmjs.org/@types/d3-dispatch/-/d3-dispatch-3.0.7.tgz 68243ms (cache miss)
1371 http fetch GET 200 https://registry.npmjs.org/@types/d3/-/d3-7.4.3.tgz 68395ms (cache miss)
1372 http fetch GET 200 https://registry.npmjs.org/@types/babel__template/-/babel__template-7.4.4.tgz 68407ms (cache miss)
1373 http fetch GET 200 https://registry.npmjs.org/@types/babel__core/-/babel__core-7.20.5.tgz 68418ms (cache miss)
1374 http fetch GET 200 https://registry.npmjs.org/@types/babel__generator/-/babel__generator-7.27.0.tgz 68456ms (cache miss)
1375 http fetch GET 200 https://registry.npmjs.org/@shikijs/core/-/core-3.23.0.tgz 68479ms (cache miss)
1376 http fetch GET 200 https://registry.npmjs.org/@rolldown/pluginutils/-/pluginutils-1.0.0-beta.27.tgz 68473ms (cache miss)
1377 http fetch GET 200 https://registry.npmjs.org/@shikijs/vscode-textmate/-/vscode-textmate-10.0.2.tgz 68512ms (cache miss)
1378 http fetch GET 200 https://registry.npmjs.org/@types/d3-array/-/d3-array-3.2.2.tgz 68543ms (cache miss)
1379 http fetch GET 200 https://registry.npmjs.org/@shikijs/engine-javascript/-/engine-javascript-3.23.0.tgz 68541ms (cache miss)
1380 http fetch GET 200 https://registry.npmjs.org/@nodelib/fs.walk/-/fs.walk-1.2.8.tgz 68740ms (cache miss)
1381 http fetch GET 200 https://registry.npmjs.org/@rollup/pluginutils/-/pluginutils-5.3.0.tgz 68885ms (cache miss)
1382 http fetch GET 200 https://registry.npmjs.org/@reactflow/minimap/-/minimap-11.7.14.tgz 69782ms (cache miss)
1383 http fetch GET 200 https://registry.npmjs.org/@oslojs/encoding/-/encoding-1.1.0.tgz 69835ms (cache miss)
1384 http fetch GET 200 https://registry.npmjs.org/@nodelib/fs.scandir/-/fs.scandir-2.1.5.tgz 69868ms (cache miss)
1385 http fetch GET 200 https://registry.npmjs.org/@reactflow/node-resizer/-/node-resizer-2.2.14.tgz 69925ms (cache miss)
1386 http fetch GET 200 https://registry.npmjs.org/@reactflow/background/-/background-11.3.14.tgz 69946ms (cache miss)
1387 http fetch GET 200 https://registry.npmjs.org/@shikijs/engine-oniguruma/-/engine-oniguruma-3.23.0.tgz 69980ms (cache miss)
1388 http fetch GET 200 https://registry.npmjs.org/@nodelib/fs.stat/-/fs.stat-2.0.5.tgz 69979ms (cache miss)
1389 http fetch GET 200 https://registry.npmjs.org/@jridgewell/resolve-uri/-/resolve-uri-3.1.2.tgz 70062ms (cache miss)
1390 http fetch GET 200 https://registry.npmjs.org/@jridgewell/remapping/-/remapping-2.3.5.tgz 70080ms (cache miss)
1391 http fetch GET 200 https://registry.npmjs.org/@jridgewell/sourcemap-codec/-/sourcemap-codec-1.5.5.tgz 70177ms (cache miss)
1392 http fetch GET 200 https://registry.npmjs.org/@img/colour/-/colour-1.1.0.tgz 70180ms (cache miss)
1393 http fetch GET 200 https://registry.npmjs.org/@nanostores/react/-/react-1.1.0.tgz 70230ms (cache miss)
1394 http fetch GET 200 https://registry.npmjs.org/@shikijs/themes/-/themes-3.23.0.tgz 70281ms (cache miss)
1395 http fetch GET 200 https://registry.npmjs.org/@jridgewell/trace-mapping/-/trace-mapping-0.3.31.tgz 70241ms (cache miss)
1396 http fetch GET 200 https://registry.npmjs.org/@babel/template/-/template-7.28.6.tgz 70372ms (cache miss)
1397 http fetch GET 200 https://registry.npmjs.org/@reactflow/controls/-/controls-11.2.14.tgz 70499ms (cache miss)
1398 http fetch GET 200 https://registry.npmjs.org/@reactflow/node-toolbar/-/node-toolbar-1.3.14.tgz 71587ms (cache miss)
1399 http fetch GET 200 https://registry.npmjs.org/@capsizecss/unpack/-/unpack-4.0.0.tgz 71684ms (cache miss)
1400 http fetch GET 200 https://registry.npmjs.org/@jridgewell/gen-mapping/-/gen-mapping-0.3.13.tgz 71796ms (cache miss)
1401 http fetch GET 200 https://registry.npmjs.org/@babel/runtime/-/runtime-7.29.2.tgz 72172ms (cache miss)
1402 http fetch GET 200 https://registry.npmjs.org/@babel/types/-/types-7.29.0.tgz 72221ms (cache miss)
1403 http fetch GET 200 https://registry.npmjs.org/@babel/helpers/-/helpers-7.29.2.tgz 72247ms (cache miss)
1404 http fetch GET 200 https://registry.npmjs.org/@babel/plugin-transform-react-jsx-self/-/plugin-transform-react-jsx-self-7.27.1.tgz 72245ms (cache miss)
1405 http fetch GET 200 https://registry.npmjs.org/@babel/plugin-transform-react-jsx-source/-/plugin-transform-react-jsx-source-7.27.1.tgz 72317ms (cache miss)
1406 http fetch GET 200 https://registry.npmjs.org/@babel/helper-validator-identifier/-/helper-validator-identifier-7.28.5.tgz 72353ms (cache miss)
1407 http fetch GET 200 https://registry.npmjs.org/@babel/parser/-/parser-7.29.2.tgz 72749ms (cache miss)
1408 http fetch GET 200 https://registry.npmjs.org/@babel/helper-plugin-utils/-/helper-plugin-utils-7.28.6.tgz 72800ms (cache miss)
1409 http fetch GET 200 https://registry.npmjs.org/@babel/helper-string-parser/-/helper-string-parser-7.27.1.tgz 73588ms (cache miss)
1410 http fetch GET 200 https://registry.npmjs.org/@babel/helper-validator-option/-/helper-validator-option-7.27.1.tgz 73620ms (cache miss)
1411 http fetch GET 200 https://registry.npmjs.org/@babel/helper-module-imports/-/helper-module-imports-7.28.6.tgz 73623ms (cache miss)
1412 http fetch GET 200 https://registry.npmjs.org/@babel/helper-module-transforms/-/helper-module-transforms-7.28.6.tgz 73748ms (cache miss)
1413 http fetch GET 200 https://registry.npmjs.org/@babel/helper-globals/-/helper-globals-7.28.0.tgz 75051ms (cache miss)
1414 http fetch GET 200 https://registry.npmjs.org/@babel/helper-compilation-targets/-/helper-compilation-targets-7.28.6.tgz 75144ms (cache miss)
1415 http fetch GET 200 https://registry.npmjs.org/@babel/generator/-/generator-7.29.1.tgz 75161ms (cache miss)
1416 http fetch GET 200 https://registry.npmjs.org/@babel/compat-data/-/compat-data-7.29.0.tgz 75193ms (cache miss)
1417 http fetch GET 200 https://registry.npmjs.org/@babel/code-frame/-/code-frame-7.29.0.tgz 76503ms (cache miss)
1418 http fetch GET 200 https://registry.npmjs.org/@astrojs/react/-/react-4.4.2.tgz 76875ms (cache miss)
1419 http fetch GET 200 https://registry.npmjs.org/@astrojs/tailwind/-/tailwind-5.1.5.tgz 77224ms (cache miss)
1420 http fetch GET 200 https://registry.npmjs.org/@astrojs/telemetry/-/telemetry-3.3.0.tgz 77239ms (cache miss)
1421 http fetch GET 200 https://registry.npmjs.org/css-tree/-/css-tree-3.2.1.tgz 77872ms (cache miss)
1422 http fetch GET 200 https://registry.npmjs.org/@astrojs/prism/-/prism-3.3.0.tgz 77884ms (cache miss)
1423 http fetch GET 200 https://registry.npmjs.org/@astrojs/internal-helpers/-/internal-helpers-0.7.6.tgz 78060ms (cache miss)
1424 http fetch GET 200 https://registry.npmjs.org/@astrojs/markdown-remark/-/markdown-remark-6.3.11.tgz 78199ms (cache miss)
1425 http fetch GET 200 https://registry.npmjs.org/glob-parent/-/glob-parent-5.1.2.tgz 79774ms (cache miss)
1426 http fetch GET 200 https://registry.npmjs.org/readdirp/-/readdirp-3.6.0.tgz 79779ms (cache miss)
1427 http fetch GET 200 https://registry.npmjs.org/@babel/core/-/core-7.29.0.tgz 79867ms (cache miss)
1428 http fetch GET 200 https://registry.npmjs.org/lru-cache/-/lru-cache-11.2.7.tgz 79997ms (cache miss)
1429 http fetch GET 200 https://registry.npmjs.org/esbuild/-/esbuild-0.25.12.tgz 80307ms (cache miss)
1430 http fetch GET 200 https://registry.npmjs.org/@alloc/quick-lru/-/quick-lru-5.2.0.tgz 80398ms (cache miss)
1431 http fetch GET 200 https://registry.npmjs.org/commander/-/commander-4.1.1.tgz 80420ms (cache miss)
1432 http fetch GET 200 https://registry.npmjs.org/@astrojs/compiler/-/compiler-2.13.1.tgz 80481ms (cache miss)
1433 http fetch GET 200 https://registry.npmjs.org/@rollup/rollup-win32-x64-msvc/-/rollup-win32-x64-msvc-4.60.1.tgz 81237ms (cache miss)
1434 http fetch GET 200 https://registry.npmjs.org/kleur/-/kleur-3.0.3.tgz 81176ms (cache miss)
1435 http fetch GET 200 https://registry.npmjs.org/eventemitter3/-/eventemitter3-4.0.7.tgz 81207ms (cache miss)
1436 http fetch GET 200 https://registry.npmjs.org/picomatch/-/picomatch-2.3.2.tgz 81551ms (cache miss)
1437 http fetch GET 200 https://registry.npmjs.org/semver/-/semver-7.7.4.tgz 81584ms (cache miss)
1438 http fetch GET 200 https://registry.npmjs.org/chokidar/-/chokidar-3.6.0.tgz 81594ms (cache miss)
1439 http fetch GET 200 https://registry.npmjs.org/react-is/-/react-is-16.13.1.tgz 81736ms (cache miss)
1440 http fetch GET 200 https://registry.npmjs.org/glob-parent/-/glob-parent-5.1.2.tgz 82050ms (cache miss)
1441 http fetch GET 200 https://registry.npmjs.org/picomatch/-/picomatch-2.3.2.tgz 82126ms (cache miss)
1442 http fetch GET 200 https://registry.npmjs.org/entities/-/entities-4.5.0.tgz 82393ms (cache miss)
1443 http fetch GET 200 https://registry.npmjs.org/mdn-data/-/mdn-data-2.0.28.tgz 82416ms (cache miss)
1444 http fetch GET 200 https://registry.npmjs.org/entities/-/entities-6.0.1.tgz 82546ms (cache miss)
1445 http fetch GET 200 https://registry.npmjs.org/picomatch/-/picomatch-2.3.2.tgz 82755ms (cache miss)
1446 http fetch GET 200 https://registry.npmjs.org/string-width/-/string-width-4.2.3.tgz 83116ms (cache miss)
1447 http fetch GET 200 https://registry.npmjs.org/semver/-/semver-7.7.4.tgz 83133ms (cache miss)
1448 http fetch GET 200 https://registry.npmjs.org/estree-walker/-/estree-walker-3.0.3.tgz 83203ms (cache miss)
1449 http fetch GET 200 https://registry.npmjs.org/strip-ansi/-/strip-ansi-6.0.1.tgz 83390ms (cache miss)
1450 http fetch GET 200 https://registry.npmjs.org/emoji-regex/-/emoji-regex-8.0.0.tgz 83438ms (cache miss)
1451 http fetch GET 200 https://registry.npmjs.org/ansi-regex/-/ansi-regex-5.0.1.tgz 83519ms (cache miss)
1452 http fetch GET 200 https://registry.npmjs.org/jiti/-/jiti-1.21.7.tgz 83596ms (cache miss)
1453 http fetch GET 200 https://registry.npmjs.org/css-tree/-/css-tree-2.2.1.tgz 83709ms (cache miss)
1454 http fetch GET 200 https://registry.npmjs.org/@babel%2fcore 82897ms (cache miss)
1455 silly packumentCache corgi:https://registry.npmjs.org/@babel%2fcore set size:undefined disposed:false
1456 http fetch GET 200 https://registry.npmjs.org/@reactflow/core/-/core-11.11.4.tgz 83940ms (cache miss)
1457 http fetch GET 200 https://registry.npmjs.org/astro/-/astro-5.18.1.tgz 84278ms (cache miss)
1458 http fetch GET 200 https://registry.npmjs.org/postcss 83850ms (cache miss)
1459 silly packumentCache corgi:https://registry.npmjs.org/postcss set size:undefined disposed:false
1460 http fetch GET 200 https://registry.npmjs.org/devalue 84164ms (cache miss)
1461 silly packumentCache corgi:https://registry.npmjs.org/devalue set size:undefined disposed:false
1462 http fetch GET 200 https://registry.npmjs.org/js-yaml 84292ms (cache miss)
1463 silly packumentCache corgi:https://registry.npmjs.org/js-yaml set size:undefined disposed:false
1464 http fetch GET 200 https://registry.npmjs.org/@rollup/rollup-win32-x64-gnu/-/rollup-win32-x64-gnu-4.60.1.tgz 85499ms (cache miss)
1465 http fetch GET 200 https://registry.npmjs.org/sharp 84922ms (cache miss)
1466 silly packumentCache corgi:https://registry.npmjs.org/sharp set size:undefined disposed:false
1467 http fetch GET 200 https://registry.npmjs.org/@babel/traverse/-/traverse-7.29.0.tgz 86076ms (cache miss)
1468 http fetch GET 200 https://registry.npmjs.org/svgo 85344ms (cache miss)
1469 silly packumentCache corgi:https://registry.npmjs.org/svgo set size:undefined disposed:false
1470 http fetch GET 200 https://registry.npmjs.org/esbuild 85381ms (cache miss)
1471 silly packumentCache corgi:https://registry.npmjs.org/esbuild set size:undefined disposed:false
1472 http fetch GET 200 https://registry.npmjs.org/vite 85688ms (cache miss)
1473 silly packumentCache corgi:https://registry.npmjs.org/vite set size:undefined disposed:false
1474 http fetch GET 200 https://registry.npmjs.org/lucide-react/-/lucide-react-0.471.2.tgz 91155ms (cache miss)
1475 http fetch GET 200 https://registry.npmjs.org/astro 95857ms (cache miss)
1476 silly packumentCache corgi:https://registry.npmjs.org/astro set size:undefined disposed:false
1477 silly packumentCache corgi:https://registry.npmjs.org/@babel%2fhelper-module-transforms cache-miss
1478 silly packumentCache corgi:https://registry.npmjs.org/@babel%2fplugin-transform-react-jsx-self cache-miss
1479 silly packumentCache corgi:https://registry.npmjs.org/@babel%2fplugin-transform-react-jsx-source cache-miss
1480 silly packumentCache corgi:https://registry.npmjs.org/@vitejs%2fplugin-react cache-miss
1481 http fetch GET 200 https://registry.npmjs.org/@babel%2fhelper-module-transforms 237ms (cache miss)
1482 silly packumentCache corgi:https://registry.npmjs.org/@babel%2fhelper-module-transforms set size:undefined disposed:false
1483 http fetch GET 200 https://registry.npmjs.org/@babel%2fplugin-transform-react-jsx-self 351ms (cache miss)
1484 silly packumentCache corgi:https://registry.npmjs.org/@babel%2fplugin-transform-react-jsx-self set size:undefined disposed:false
1485 http fetch GET 200 https://registry.npmjs.org/@vitejs%2fplugin-react 421ms (cache miss)
1486 silly packumentCache corgi:https://registry.npmjs.org/@vitejs%2fplugin-react set size:undefined disposed:false
1487 http fetch GET 200 https://registry.npmjs.org/@babel%2fplugin-transform-react-jsx-source 817ms (cache miss)
1488 silly packumentCache corgi:https://registry.npmjs.org/@babel%2fplugin-transform-react-jsx-source set size:undefined disposed:false
1489 silly packumentCache corgi:https://registry.npmjs.org/@astrojs%2ftailwind cache-miss
1490 http fetch GET 200 https://registry.npmjs.org/@astrojs%2ftailwind 1704ms (cache miss)
1491 silly packumentCache corgi:https://registry.npmjs.org/@astrojs%2ftailwind set size:undefined disposed:false
1492 silly packumentCache corgi:https://registry.npmjs.org/@astrojs%2fmarkdown-remark cache-miss
1493 http fetch GET 200 https://registry.npmjs.org/@shikijs/langs/-/langs-3.23.0.tgz 102961ms (cache miss)
1494 http fetch GET 200 https://registry.npmjs.org/@astrojs%2fmarkdown-remark 5299ms (cache miss)
1495 silly packumentCache corgi:https://registry.npmjs.org/@astrojs%2fmarkdown-remark set size:undefined disposed:false
1496 silly packumentCache corgi:https://registry.npmjs.org/autoprefixer cache-miss
1497 silly packumentCache corgi:https://registry.npmjs.org/postcss-import cache-miss
1498 silly packumentCache corgi:https://registry.npmjs.org/postcss-js cache-miss
1499 silly packumentCache corgi:https://registry.npmjs.org/postcss-load-config cache-miss
1500 silly packumentCache corgi:https://registry.npmjs.org/postcss-nested cache-miss
1501 silly packumentCache corgi:https://registry.npmjs.org/tailwindcss cache-miss
1502 http fetch GET 200 https://registry.npmjs.org/postcss-js 479ms (cache miss)
1503 silly packumentCache corgi:https://registry.npmjs.org/postcss-js set size:undefined disposed:false
1504 http fetch GET 200 https://registry.npmjs.org/postcss-load-config 1100ms (cache miss)
1505 silly packumentCache corgi:https://registry.npmjs.org/postcss-load-config set size:undefined disposed:false
1506 http fetch GET 200 https://registry.npmjs.org/postcss-import 2572ms (cache miss)
1507 silly packumentCache corgi:https://registry.npmjs.org/postcss-import set size:undefined disposed:false
1508 http fetch GET 200 https://registry.npmjs.org/@esbuild/win32-x64/-/win32-x64-0.27.5.tgz 108654ms (cache miss)
1509 http fetch GET 200 https://registry.npmjs.org/postcss-nested 2872ms (cache miss)
1510 silly packumentCache corgi:https://registry.npmjs.org/postcss-nested set size:undefined disposed:false
1511 http fetch GET 200 https://registry.npmjs.org/autoprefixer 3583ms (cache miss)
1512 silly packumentCache corgi:https://registry.npmjs.org/autoprefixer set size:undefined disposed:false
1513 http fetch GET 200 https://registry.npmjs.org/tailwindcss 3896ms (cache miss)
1514 silly packumentCache corgi:https://registry.npmjs.org/tailwindcss set size:undefined disposed:false
1515 silly packumentCache corgi:https://registry.npmjs.org/@astrojs%2freact cache-miss
1516 silly packumentCache corgi:https://registry.npmjs.org/vitefu cache-miss
1517 http fetch GET 200 https://registry.npmjs.org/@esbuild/win32-x64/-/win32-x64-0.25.12.tgz 111035ms (cache miss)
1518 http fetch GET 200 https://registry.npmjs.org/vitefu 1031ms (cache miss)
1519 silly packumentCache corgi:https://registry.npmjs.org/vitefu set size:undefined disposed:false
1520 http fetch GET 200 https://registry.npmjs.org/@img/sharp-win32-x64/-/sharp-win32-x64-0.34.5.tgz 112093ms (cache miss)
1521 http fetch GET 200 https://registry.npmjs.org/@astrojs%2freact 1646ms (cache miss)
1522 silly packumentCache corgi:https://registry.npmjs.org/@astrojs%2freact set size:undefined disposed:false
1523 warn cleanup Failed to remove some directories [
1523 warn cleanup   [
1523 warn cleanup     'D:\\BPA-main\\node_modules\\typescript',
1523 warn cleanup     [Error: ENOTEMPTY: directory not empty, rmdir 'D:\BPA-main\node_modules\typescript\lib'] {
1523 warn cleanup       errno: -4051,
1523 warn cleanup       code: 'ENOTEMPTY',
1523 warn cleanup       syscall: 'rmdir',
1523 warn cleanup       path: 'D:\\BPA-main\\node_modules\\typescript\\lib'
1523 warn cleanup     }
1523 warn cleanup   ],
1523 warn cleanup   [
1523 warn cleanup     'D:\\BPA-main\\node_modules',
1523 warn cleanup     [Error: EPERM: operation not permitted, lstat 'D:\BPA-main\node_modules\typescript\lib\_tsc.js'] {
1523 warn cleanup       errno: -4048,
1523 warn cleanup       code: 'EPERM',
1523 warn cleanup       syscall: 'lstat',
1523 warn cleanup       path: 'D:\\BPA-main\\node_modules\\typescript\\lib\\_tsc.js'
1523 warn cleanup     }
1523 warn cleanup   ]
1523 warn cleanup ]
1524 verbose stack Error: read ECONNRESET
1524 verbose stack     at TLSWrap.onStreamRead (node:internal/stream_base_commons:218:20)
1525 error code ECONNRESET
1526 error syscall read
1527 error errno -4077
1528 error network read ECONNRESET
1529 error network This is a problem related to network connectivity.
1529 error network In most cases you are behind a proxy or have bad network settings.
1529 error network
1529 error network If you are behind a proxy, please make sure that the 'proxy' config is set properly.  See: 'npm help config'
1530 silly unfinished npm timer reify 1785910043125
1531 silly unfinished npm timer reify:unpack 1785910052936
1532 silly unfinished npm timer reifyNode:node_modules/typescript 1785910052937
1533 silly unfinished npm timer reifyNode:node_modules/d3-shape 1785910052941
1534 verbose cwd D:\BPA-main
1535 verbose os Windows_NT 10.0.26200
1536 verbose node v20.19.4
1537 verbose npm  v11.14.1
1538 notice
1538 notice New minor version of npm available! 11.14.1 -> 11.19.0
1538 notice Changelog: https://github.com/npm/cli/releases/tag/v11.19.0
1538 notice To update run: npm install -g npm@11.19.0
1538 notice  { force: true, [Symbol(proc-log.meta)]: true }
1539 verbose exit -4077
1540 verbose code -4077
1541 error A complete log of this run can be found in: D:\BPA-main\npm-cache\_logs\2026-08-05T06_07_21_746Z-debug-0.log
