0 verbose cli F:\Node js\node.exe C:\Users\prane\AppData\Roaming\npm\node_modules\npm\bin\npm-cli.js
1 info using npm@11.14.1
2 info using node@v20.19.4
3 silly config load:file:C:\Users\prane\AppData\Roaming\npm\node_modules\npm\npmrc
4 silly config load:file:D:\BPA-main\.npmrc
5 silly config load:file:C:\Users\prane\.npmrc
6 silly config load:file:C:\Users\prane\AppData\Roaming\npm\etc\npmrc
7 verbose title npm install
8 verbose argv "install" "--cache" "./npm-cache"
9 verbose logfile logs-max:10 dir:D:\BPA-main\npm-cache\_logs\2026-08-05T06_15_24_330Z-
10 verbose logfile D:\BPA-main\npm-cache\_logs\2026-08-05T06_15_24_330Z-debug-0.log
11 silly logfile done cleaning log files
12 silly packumentCache heap:2197815296 maxSize:549453824 maxEntrySize:274726912
13 silly idealTree buildDeps
14 silly fetch manifest typescript@^4.9.4 || ^5.0.2
15 silly packumentCache full:https://registry.npmjs.org/typescript cache-miss
16 http fetch GET 200 https://registry.npmjs.org/typescript 501ms (cache revalidated)
17 silly packumentCache full:https://registry.npmjs.org/typescript set size:15513951 disposed:false
18 silly placeDep ROOT typescript@5.9.3 OK for: zod-to-ts@1.2.0 want: ^4.9.4 || ^5.0.2
19 silly reify moves {}
20 silly audit bulk request {
20 silly audit   '@alloc/quick-lru': [ '5.2.0' ],
20 silly audit   '@astrojs/compiler': [ '2.13.1' ],
20 silly audit   '@astrojs/internal-helpers': [ '0.7.6' ],
20 silly audit   '@astrojs/markdown-remark': [ '6.3.11' ],
20 silly audit   '@astrojs/prism': [ '3.3.0' ],
20 silly audit   '@astrojs/react': [ '4.4.2' ],
20 silly audit   '@astrojs/tailwind': [ '5.1.5' ],
20 silly audit   '@astrojs/telemetry': [ '3.3.0' ],
20 silly audit   '@babel/code-frame': [ '7.29.0' ],
20 silly audit   '@babel/compat-data': [ '7.29.0' ],
20 silly audit   '@babel/core': [ '7.29.0' ],
20 silly audit   '@babel/generator': [ '7.29.1' ],
20 silly audit   '@babel/helper-compilation-targets': [ '7.28.6' ],
20 silly audit   '@babel/helper-globals': [ '7.28.0' ],
20 silly audit   '@babel/helper-module-imports': [ '7.28.6' ],
20 silly audit   '@babel/helper-module-transforms': [ '7.28.6' ],
20 silly audit   '@babel/helper-plugin-utils': [ '7.28.6' ],
20 silly audit   '@babel/helper-string-parser': [ '7.27.1' ],
20 silly audit   '@babel/helper-validator-identifier': [ '7.28.5' ],
20 silly audit   '@babel/helper-validator-option': [ '7.27.1' ],
20 silly audit   '@babel/helpers': [ '7.29.2' ],
20 silly audit   '@babel/parser': [ '7.29.2' ],
20 silly audit   '@babel/plugin-transform-react-jsx-self': [ '7.27.1' ],
20 silly audit   '@babel/plugin-transform-react-jsx-source': [ '7.27.1' ],
20 silly audit   '@babel/runtime': [ '7.29.2' ],
20 silly audit   '@babel/template': [ '7.28.6' ],
20 silly audit   '@babel/traverse': [ '7.29.0' ],
20 silly audit   '@babel/types': [ '7.29.0' ],
20 silly audit   '@capsizecss/unpack': [ '4.0.0' ],
20 silly audit   '@emnapi/runtime': [ '1.9.1' ],
20 silly audit   '@esbuild/aix-ppc64': [ '0.27.5', '0.25.12' ],
20 silly audit   '@esbuild/android-arm': [ '0.27.5', '0.25.12' ],
20 silly audit   '@esbuild/android-arm64': [ '0.27.5', '0.25.12' ],
20 silly audit   '@esbuild/android-x64': [ '0.27.5', '0.25.12' ],
20 silly audit   '@esbuild/darwin-arm64': [ '0.27.5', '0.25.12' ],
20 silly audit   '@esbuild/darwin-x64': [ '0.27.5', '0.25.12' ],
20 silly audit   '@esbuild/freebsd-arm64': [ '0.27.5', '0.25.12' ],
20 silly audit   '@esbuild/freebsd-x64': [ '0.27.5', '0.25.12' ],
20 silly audit   '@esbuild/linux-arm': [ '0.27.5', '0.25.12' ],
20 silly audit   '@esbuild/linux-arm64': [ '0.27.5', '0.25.12' ],
20 silly audit   '@esbuild/linux-ia32': [ '0.27.5', '0.25.12' ],
20 silly audit   '@esbuild/linux-loong64': [ '0.27.5', '0.25.12' ],
20 silly audit   '@esbuild/linux-mips64el': [ '0.27.5', '0.25.12' ],
20 silly audit   '@esbuild/linux-ppc64': [ '0.27.5', '0.25.12' ],
20 silly audit   '@esbuild/linux-riscv64': [ '0.27.5', '0.25.12' ],
20 silly audit   '@esbuild/linux-s390x': [ '0.27.5', '0.25.12' ],
20 silly audit   '@esbuild/linux-x64': [ '0.27.5', '0.25.12' ],
20 silly audit   '@esbuild/netbsd-arm64': [ '0.27.5', '0.25.12' ],
20 silly audit   '@esbuild/netbsd-x64': [ '0.27.5', '0.25.12' ],
20 silly audit   '@esbuild/openbsd-arm64': [ '0.27.5', '0.25.12' ],
20 silly audit   '@esbuild/openbsd-x64': [ '0.27.5', '0.25.12' ],
20 silly audit   '@esbuild/openharmony-arm64': [ '0.27.5', '0.25.12' ],
20 silly audit   '@esbuild/sunos-x64': [ '0.27.5', '0.25.12' ],
20 silly audit   '@esbuild/win32-arm64': [ '0.27.5', '0.25.12' ],
20 silly audit   '@esbuild/win32-ia32': [ '0.27.5', '0.25.12' ],
20 silly audit   '@esbuild/win32-x64': [ '0.27.5', '0.25.12' ],
20 silly audit   '@img/colour': [ '1.1.0' ],
20 silly audit   '@img/sharp-darwin-arm64': [ '0.34.5' ],
20 silly audit   '@img/sharp-darwin-x64': [ '0.34.5' ],
20 silly audit   '@img/sharp-libvips-darwin-arm64': [ '1.2.4' ],
20 silly audit   '@img/sharp-libvips-darwin-x64': [ '1.2.4' ],
20 silly audit   '@img/sharp-libvips-linux-arm': [ '1.2.4' ],
20 silly audit   '@img/sharp-libvips-linux-arm64': [ '1.2.4' ],
20 silly audit   '@img/sharp-libvips-linux-ppc64': [ '1.2.4' ],
20 silly audit   '@img/sharp-libvips-linux-riscv64': [ '1.2.4' ],
20 silly audit   '@img/sharp-libvips-linux-s390x': [ '1.2.4' ],
20 silly audit   '@img/sharp-libvips-linux-x64': [ '1.2.4' ],
20 silly audit   '@img/sharp-libvips-linuxmusl-arm64': [ '1.2.4' ],
20 silly audit   '@img/sharp-libvips-linuxmusl-x64': [ '1.2.4' ],
20 silly audit   '@img/sharp-linux-arm': [ '0.34.5' ],
20 silly audit   '@img/sharp-linux-arm64': [ '0.34.5' ],
20 silly audit   '@img/sharp-linux-ppc64': [ '0.34.5' ],
20 silly audit   '@img/sharp-linux-riscv64': [ '0.34.5' ],
20 silly audit   '@img/sharp-linux-s390x': [ '0.34.5' ],
20 silly audit   '@img/sharp-linux-x64': [ '0.34.5' ],
20 silly audit   '@img/sharp-linuxmusl-arm64': [ '0.34.5' ],
20 silly audit   '@img/sharp-linuxmusl-x64': [ '0.34.5' ],
20 silly audit   '@img/sharp-wasm32': [ '0.34.5' ],
20 silly audit   '@img/sharp-win32-arm64': [ '0.34.5' ],
20 silly audit   '@img/sharp-win32-ia32': [ '0.34.5' ],
20 silly audit   '@img/sharp-win32-x64': [ '0.34.5' ],
20 silly audit   '@jridgewell/gen-mapping': [ '0.3.13' ],
20 silly audit   '@jridgewell/remapping': [ '2.3.5' ],
20 silly audit   '@jridgewell/resolve-uri': [ '3.1.2' ],
20 silly audit   '@jridgewell/sourcemap-codec': [ '1.5.5' ],
20 silly audit   '@jridgewell/trace-mapping': [ '0.3.31' ],
20 silly audit   '@nanostores/react': [ '1.1.0' ],
20 silly audit   '@nodelib/fs.scandir': [ '2.1.5' ],
20 silly audit   '@nodelib/fs.stat': [ '2.0.5' ],
20 silly audit   '@nodelib/fs.walk': [ '1.2.8' ],
20 silly audit   '@oslojs/encoding': [ '1.1.0' ],
20 silly audit   '@reactflow/background': [ '11.3.14' ],
20 silly audit   '@reactflow/controls': [ '11.2.14' ],
20 silly audit   '@reactflow/core': [ '11.11.4' ],
20 silly audit   '@reactflow/minimap': [ '11.7.14' ],
20 silly audit   '@reactflow/node-resizer': [ '2.2.14' ],
20 silly audit   '@reactflow/node-toolbar': [ '1.3.14' ],
20 silly audit   '@rolldown/pluginutils': [ '1.0.0-beta.27' ],
20 silly audit   '@rollup/pluginutils': [ '5.3.0' ],
20 silly audit   '@rollup/rollup-android-arm-eabi': [ '4.60.1' ],
20 silly audit   '@rollup/rollup-android-arm64': [ '4.60.1' ],
20 silly audit   '@rollup/rollup-darwin-arm64': [ '4.60.1' ],
20 silly audit   '@rollup/rollup-darwin-x64': [ '4.60.1' ],
20 silly audit   '@rollup/rollup-freebsd-arm64': [ '4.60.1' ],
20 silly audit   '@rollup/rollup-freebsd-x64': [ '4.60.1' ],
20 silly audit   '@rollup/rollup-linux-arm-gnueabihf': [ '4.60.1' ],
20 silly audit   '@rollup/rollup-linux-arm-musleabihf': [ '4.60.1' ],
20 silly audit   '@rollup/rollup-linux-arm64-gnu': [ '4.60.1' ],
20 silly audit   '@rollup/rollup-linux-arm64-musl': [ '4.60.1' ],
20 silly audit   '@rollup/rollup-linux-loong64-gnu': [ '4.60.1' ],
20 silly audit   '@rollup/rollup-linux-loong64-musl': [ '4.60.1' ],
20 silly audit   '@rollup/rollup-linux-ppc64-gnu': [ '4.60.1' ],
20 silly audit   '@rollup/rollup-linux-ppc64-musl': [ '4.60.1' ],
20 silly audit   '@rollup/rollup-linux-riscv64-gnu': [ '4.60.1' ],
20 silly audit   '@rollup/rollup-linux-riscv64-musl': [ '4.60.1' ],
20 silly audit   '@rollup/rollup-linux-s390x-gnu': [ '4.60.1' ],
20 silly audit   '@rollup/rollup-linux-x64-gnu': [ '4.60.1' ],
20 silly audit   '@rollup/rollup-linux-x64-musl': [ '4.60.1' ],
20 silly audit   '@rollup/rollup-openbsd-x64': [ '4.60.1' ],
20 silly audit   '@rollup/rollup-openharmony-arm64': [ '4.60.1' ],
20 silly audit   '@rollup/rollup-win32-arm64-msvc': [ '4.60.1' ],
20 silly audit   '@rollup/rollup-win32-ia32-msvc': [ '4.60.1' ],
20 silly audit   '@rollup/rollup-win32-x64-gnu': [ '4.60.1' ],
20 silly audit   '@rollup/rollup-win32-x64-msvc': [ '4.60.1' ],
20 silly audit   '@shikijs/core': [ '3.23.0' ],
20 silly audit   '@shikijs/engine-javascript': [ '3.23.0' ],
20 silly audit   '@shikijs/engine-oniguruma': [ '3.23.0' ],
20 silly audit   '@shikijs/langs': [ '3.23.0' ],
20 silly audit   '@shikijs/themes': [ '3.23.0' ],
20 silly audit   '@shikijs/types': [ '3.23.0' ],
20 silly audit   '@shikijs/vscode-textmate': [ '10.0.2' ],
20 silly audit   '@types/babel__core': [ '7.20.5' ],
20 silly audit   '@types/babel__generator': [ '7.27.0' ],
20 silly audit   '@types/babel__template': [ '7.4.4' ],
20 silly audit   '@types/babel__traverse': [ '7.28.0' ],
20 silly audit   '@types/d3': [ '7.4.3' ],
20 silly audit   '@types/d3-array': [ '3.2.2' ],
20 silly audit   '@types/d3-axis': [ '3.0.6' ],
20 silly audit   '@types/d3-brush': [ '3.0.6' ],
20 silly audit   '@types/d3-chord': [ '3.0.6' ],
20 silly audit   '@types/d3-color': [ '3.1.3' ],
20 silly audit   '@types/d3-contour': [ '3.0.6' ],
20 silly audit   '@types/d3-delaunay': [ '6.0.4' ],
20 silly audit   '@types/d3-dispatch': [ '3.0.7' ],
20 silly audit   '@types/d3-drag': [ '3.0.7' ],
20 silly audit   '@types/d3-dsv': [ '3.0.7' ],
20 silly audit   '@types/d3-ease': [ '3.0.2' ],
20 silly audit   '@types/d3-fetch': [ '3.0.7' ],
20 silly audit   '@types/d3-force': [ '3.0.10' ],
20 silly audit   '@types/d3-format': [ '3.0.4' ],
20 silly audit   '@types/d3-geo': [ '3.1.0' ],
20 silly audit   '@types/d3-hierarchy': [ '3.1.7' ],
20 silly audit   '@types/d3-interpolate': [ '3.0.4' ],
20 silly audit   '@types/d3-path': [ '3.1.1' ],
20 silly audit   '@types/d3-polygon': [ '3.0.2' ],
20 silly audit   '@types/d3-quadtree': [ '3.0.6' ],
20 silly audit   '@types/d3-random': [ '3.0.3' ],
20 silly audit   '@types/d3-scale': [ '4.0.9' ],
20 silly audit   '@types/d3-scale-chromatic': [ '3.1.0' ],
20 silly audit   '@types/d3-selection': [ '3.0.11' ],
20 silly audit   '@types/d3-shape': [ '3.1.8' ],
20 silly audit   '@types/d3-time': [ '3.0.4' ],
20 silly audit   '@types/d3-time-format': [ '4.0.3' ],
20 silly audit   '@types/d3-timer': [ '3.0.2' ],
20 silly audit   '@types/d3-transition': [ '3.0.9' ],
20 silly audit   '@types/d3-zoom': [ '3.0.8' ],
20 silly audit   '@types/debug': [ '4.1.13' ],
20 silly audit   '@types/estree': [ '1.0.8' ],
20 silly audit   '@types/geojson': [ '7946.0.16' ],
20 silly audit   '@types/hast': [ '3.0.4' ],
20 silly audit   '@types/mdast': [ '4.0.4' ],
20 silly audit   '@types/ms': [ '2.1.0' ],
20 silly audit   '@types/nlcst': [ '2.0.3' ],
20 silly audit   '@types/prop-types': [ '15.7.15' ],
20 silly audit   '@types/react': [ '18.3.28' ],
20 silly audit   '@types/react-dom': [ '18.3.7' ],
20 silly audit   '@types/unist': [ '3.0.3' ],
20 silly audit   '@ungap/structured-clone': [ '1.3.0' ],
20 silly audit   '@vitejs/plugin-react': [ '4.7.0' ],
20 silly audit   acorn: [ '8.16.0' ],
20 silly audit   'ansi-align': [ '3.0.1' ],
20 silly audit   'ansi-regex': [ '5.0.1', '6.2.2' ],
20 silly audit   'emoji-regex': [ '8.0.0', '10.6.0' ],
20 silly audit   'string-width': [ '4.2.3', '7.2.0' ],
20 silly audit   'strip-ansi': [ '6.0.1', '7.2.0' ],
20 silly audit   'ansi-styles': [ '6.2.3' ],
20 silly audit   'any-promise': [ '1.3.0' ],
20 silly audit   anymatch: [ '3.1.3' ],
20 silly audit   picomatch: [ '2.3.2', '4.0.4' ],
20 silly audit   arg: [ '5.0.2' ],
20 silly audit   argparse: [ '2.0.1' ],
20 silly audit   'aria-query': [ '5.3.2' ],
20 silly audit   'array-iterate': [ '2.0.1' ],
20 silly audit   astro: [ '5.18.1' ],
20 silly audit   'estree-walker': [ '3.0.3', '2.0.2' ],
20 silly audit   semver: [ '7.7.4', '6.3.1' ],
20 silly audit   autoprefixer: [ '10.4.27' ],
20 silly audit   'axobject-query': [ '4.1.0' ],
20 silly audit   bail: [ '2.0.2' ],
20 silly audit   'base-64': [ '1.0.0' ],
20 silly audit   'baseline-browser-mapping': [ '2.10.13' ],
20 silly audit   'binary-extensions': [ '2.3.0' ],
20 silly audit   boolbase: [ '1.0.0' ],
20 silly audit   boxen: [ '8.0.1' ],
20 silly audit   braces: [ '3.0.3' ],
20 silly audit   browserslist: [ '4.28.2' ],
20 silly audit   camelcase: [ '8.0.0' ],
20 silly audit   'camelcase-css': [ '2.0.1' ],
20 silly audit   'caniuse-lite': [ '1.0.30001784' ],
20 silly audit   ccount: [ '2.0.1' ],
20 silly audit   chalk: [ '5.6.2' ],
20 silly audit   'character-entities': [ '2.0.2' ],
20 silly audit   'character-entities-html4': [ '2.1.0' ],
20 silly audit   'character-entities-legacy': [ '3.0.0' ],
20 silly audit   chokidar: [ '5.0.0', '3.6.0' ],
20 silly audit   'ci-info': [ '4.4.0' ],
20 silly audit   classcat: [ '5.0.5' ],
20 silly audit   'cli-boxes': [ '3.0.0' ],
20 silly audit   clsx: [ '2.1.1' ],
20 silly audit   'comma-separated-tokens': [ '2.0.3' ],
20 silly audit   commander: [ '11.1.0', '4.1.1' ],
20 silly audit   'common-ancestor-path': [ '1.0.1' ],
20 silly audit   'convert-source-map': [ '2.0.0' ],
20 silly audit   cookie: [ '1.1.1' ],
20 silly audit   'cookie-es': [ '1.2.3' ],
20 silly audit   crossws: [ '0.3.5' ],
20 silly audit   'css-select': [ '5.2.2' ],
20 silly audit   'css-tree': [ '3.2.1', '2.2.1' ],
20 silly audit   'css-what': [ '6.2.2' ],
20 silly audit   cssesc: [ '3.0.0' ],
20 silly audit   csso: [ '5.0.5' ],
20 silly audit   'mdn-data': [ '2.0.28', '2.27.1' ],
20 silly audit   csstype: [ '3.2.3' ],
20 silly audit   'd3-array': [ '3.2.4' ],
20 silly audit   'd3-color': [ '3.1.0' ],
20 silly audit   'd3-dispatch': [ '3.0.1' ],
20 silly audit   'd3-drag': [ '3.0.0' ],
20 silly audit   'd3-ease': [ '3.0.1' ],
20 silly audit   'd3-format': [ '3.1.2' ],
20 silly audit   'd3-interpolate': [ '3.0.1' ],
20 silly audit   'd3-path': [ '3.1.0' ],
20 silly audit   'd3-scale': [ '4.0.2' ],
20 silly audit   'd3-selection': [ '3.0.0' ],
20 silly audit   'd3-shape': [ '3.2.0' ],
20 silly audit   'd3-time': [ '3.1.0' ],
20 silly audit   'd3-time-format': [ '4.1.0' ],
20 silly audit   'd3-timer': [ '3.0.1' ],
20 silly audit   'd3-transition': [ '3.0.1' ],
20 silly audit   'd3-zoom': [ '3.0.0' ],
20 silly audit   debug: [ '4.4.3' ],
20 silly audit   'decimal.js-light': [ '2.5.1' ],
20 silly audit   'decode-named-character-reference': [ '1.3.0' ],
20 silly audit   defu: [ '6.1.6' ],
20 silly audit   dequal: [ '2.0.3' ],
20 silly audit   destr: [ '2.0.5' ],
20 silly audit   'detect-libc': [ '2.1.2' ],
20 silly audit   'deterministic-object-hash': [ '2.0.2' ],
20 silly audit   devalue: [ '5.6.4' ],
20 silly audit   devlop: [ '1.1.0' ],
20 silly audit   didyoumean: [ '1.2.2' ],
20 silly audit   diff: [ '8.0.4' ],
20 silly audit   dlv: [ '1.1.3' ],
20 silly audit   'dom-helpers': [ '5.2.1' ],
20 silly audit   'dom-serializer': [ '2.0.0' ],
20 silly audit   entities: [ '4.5.0', '6.0.1' ],
20 silly audit   domelementtype: [ '2.3.0' ],
20 silly audit   domhandler: [ '5.0.3' ],
20 silly audit   domutils: [ '3.2.2' ],
20 silly audit   dset: [ '3.1.4' ],
20 silly audit   'electron-to-chromium': [ '1.5.331' ],
20 silly audit   'es-module-lexer': [ '1.7.0' ],
20 silly audit   esbuild: [ '0.27.5', '0.25.12' ],
20 silly audit   escalade: [ '3.2.0' ],
20 silly audit   'escape-string-regexp': [ '5.0.0' ],
20 silly audit   eventemitter3: [ '5.0.4', '4.0.7' ],
20 silly audit   extend: [ '3.0.2' ],
20 silly audit   'fast-equals': [ '5.4.0' ],
20 silly audit   'fast-glob': [ '3.3.3' ],
20 silly audit   'glob-parent': [ '5.1.2', '6.0.2' ],
20 silly audit   fastq: [ '1.20.1' ],
20 silly audit   fdir: [ '6.5.0' ],
20 silly audit   'fill-range': [ '7.1.1' ],
20 silly audit   flattie: [ '1.1.1' ],
20 silly audit   fontace: [ '0.4.1' ],
20 silly audit   fontkitten: [ '1.0.3' ],
20 silly audit   'fraction.js': [ '5.3.4' ],
20 silly audit   'framer-motion': [ '12.38.0' ],
20 silly audit   fsevents: [ '2.3.3' ],
20 silly audit   'function-bind': [ '1.1.2' ],
20 silly audit   gensync: [ '1.0.0-beta.2' ],
20 silly audit   'get-east-asian-width': [ '1.5.0' ],
20 silly audit   'github-slugger': [ '2.0.0' ],
20 silly audit   h3: [ '1.15.11' ],
20 silly audit   hasown: [ '2.0.2' ],
20 silly audit   'hast-util-from-html': [ '2.0.3' ],
20 silly audit   'hast-util-from-parse5': [ '8.0.3' ],
20 silly audit   'hast-util-is-element': [ '3.0.0' ],
20 silly audit   'hast-util-parse-selector': [ '4.0.0' ],
20 silly audit   'hast-util-raw': [ '9.1.0' ],
20 silly audit   'hast-util-to-html': [ '9.0.5' ],
20 silly audit   'hast-util-to-parse5': [ '8.0.1' ],
20 silly audit   'hast-util-to-text': [ '4.0.2' ],
20 silly audit   'hast-util-whitespace': [ '3.0.0' ],
20 silly audit   hastscript: [ '9.0.1' ],
20 silly audit   'html-escaper': [ '3.0.3' ],
20 silly audit   'html-void-elements': [ '3.0.0' ],
20 silly audit   'http-cache-semantics': [ '4.2.0' ],
20 silly audit   'import-meta-resolve': [ '4.2.0' ],
20 silly audit   internmap: [ '2.0.3' ],
20 silly audit   'iron-webcrypto': [ '1.2.1' ],
20 silly audit   'is-binary-path': [ '2.1.0' ],
20 silly audit   'is-core-module': [ '2.16.1' ],
20 silly audit   'is-docker': [ '3.0.0' ],
20 silly audit   'is-extglob': [ '2.1.1' ],
20 silly audit   'is-fullwidth-code-point': [ '3.0.0' ],
20 silly audit   'is-glob': [ '4.0.3' ],
20 silly audit   'is-inside-container': [ '1.0.0' ],
20 silly audit   'is-number': [ '7.0.0' ],
20 silly audit   'is-plain-obj': [ '4.1.0' ],
20 silly audit   'is-wsl': [ '3.1.1' ],
20 silly audit   'js-tokens': [ '4.0.0' ],
20 silly audit   'js-yaml': [ '4.1.1' ],
20 silly audit   jsesc: [ '3.1.0' ],
20 silly audit   json5: [ '2.2.3' ],
20 silly audit   lilconfig: [ '3.1.3' ],
20 silly audit   'lines-and-columns': [ '1.2.4' ],
20 silly audit   lodash: [ '4.18.1' ],
20 silly audit   'longest-streak': [ '3.1.0' ],
20 silly audit   'loose-envify': [ '1.4.0' ],
20 silly audit   'lru-cache': [ '5.1.1', '11.2.7' ],
20 silly audit   'lucide-react': [ '0.471.2' ],
20 silly audit   'magic-string': [ '0.30.21' ],
20 silly audit   magicast: [ '0.5.2' ],
20 silly audit   'markdown-table': [ '3.0.4' ],
20 silly audit   'mdast-util-definitions': [ '6.0.0' ],
20 silly audit   'mdast-util-find-and-replace': [ '3.0.2' ],
20 silly audit   'mdast-util-from-markdown': [ '2.0.3' ],
20 silly audit   'mdast-util-gfm': [ '3.1.0' ],
20 silly audit   'mdast-util-gfm-autolink-literal': [ '2.0.1' ],
20 silly audit   'mdast-util-gfm-footnote': [ '2.1.0' ],
20 silly audit   'mdast-util-gfm-strikethrough': [ '2.0.0' ],
20 silly audit   'mdast-util-gfm-table': [ '2.0.0' ],
20 silly audit   'mdast-util-gfm-task-list-item': [ '2.0.0' ],
20 silly audit   'mdast-util-phrasing': [ '4.1.0' ],
20 silly audit   'mdast-util-to-hast': [ '13.2.1' ],
20 silly audit   'mdast-util-to-markdown': [ '2.1.2' ],
20 silly audit   'mdast-util-to-string': [ '4.0.0' ],
20 silly audit   merge2: [ '1.4.1' ],
20 silly audit   micromark: [ '4.0.2' ],
20 silly audit   'micromark-core-commonmark': [ '2.0.3' ],
20 silly audit   'micromark-extension-gfm': [ '3.0.0' ],
20 silly audit   'micromark-extension-gfm-autolink-literal': [ '2.1.0' ],
20 silly audit   'micromark-extension-gfm-footnote': [ '2.1.0' ],
20 silly audit   'micromark-extension-gfm-strikethrough': [ '2.1.0' ],
20 silly audit   'micromark-extension-gfm-table': [ '2.1.1' ],
20 silly audit   'micromark-extension-gfm-tagfilter': [ '2.0.0' ],
20 silly audit   'micromark-extension-gfm-task-list-item': [ '2.1.0' ],
20 silly audit   'micromark-factory-destination': [ '2.0.1' ],
20 silly audit   'micromark-factory-label': [ '2.0.1' ],
20 silly audit   'micromark-factory-space': [ '2.0.1' ],
20 silly audit   'micromark-factory-title': [ '2.0.1' ],
20 silly audit   'micromark-factory-whitespace': [ '2.0.1' ],
20 silly audit   'micromark-util-character': [ '2.1.1' ],
20 silly audit   'micromark-util-chunked': [ '2.0.1' ],
20 silly audit   'micromark-util-classify-character': [ '2.0.1' ],
20 silly audit   'micromark-util-combine-extensions': [ '2.0.1' ],
20 silly audit   'micromark-util-decode-numeric-character-reference': [ '2.0.2' ],
20 silly audit   'micromark-util-decode-string': [ '2.0.1' ],
20 silly audit   'micromark-util-encode': [ '2.0.1' ],
20 silly audit   'micromark-util-html-tag-name': [ '2.0.1' ],
20 silly audit   'micromark-util-normalize-identifier': [ '2.0.1' ],
20 silly audit   'micromark-util-resolve-all': [ '2.0.1' ],
20 silly audit   'micromark-util-sanitize-uri': [ '2.0.1' ],
20 silly audit   'micromark-util-subtokenize': [ '2.1.0' ],
20 silly audit   'micromark-util-symbol': [ '2.0.1' ],
20 silly audit   'micromark-util-types': [ '2.0.2' ],
20 silly audit   micromatch: [ '4.0.8' ],
20 silly audit   'motion-dom': [ '12.38.0' ],
20 silly audit   'motion-utils': [ '12.36.0' ],
20 silly audit   mrmime: [ '2.0.1' ],
20 silly audit   ms: [ '2.1.3' ],
20 silly audit   mz: [ '2.7.0' ],
20 silly audit   nanoid: [ '3.3.11' ],
20 silly audit   nanostores: [ '1.2.0' ],
20 silly audit   neotraverse: [ '0.6.18' ],
20 silly audit   'nlcst-to-string': [ '4.0.0' ],
20 silly audit   'node-fetch-native': [ '1.6.7' ],
20 silly audit   'node-mock-http': [ '1.0.4' ],
20 silly audit   'node-releases': [ '2.0.37' ],
20 silly audit   'normalize-path': [ '3.0.0' ],
20 silly audit   'nth-check': [ '2.1.1' ],
20 silly audit   'object-assign': [ '4.1.1' ],
20 silly audit   'object-hash': [ '3.0.0' ],
20 silly audit   ofetch: [ '1.5.1' ],
20 silly audit   ohash: [ '2.0.11' ],
20 silly audit   'oniguruma-parser': [ '0.12.1' ],
20 silly audit   'oniguruma-to-es': [ '4.3.5' ],
20 silly audit   'p-limit': [ '6.2.0' ],
20 silly audit   'p-queue': [ '8.1.1' ],
20 silly audit   'p-timeout': [ '6.1.4' ],
20 silly audit   'package-manager-detector': [ '1.6.0' ],
20 silly audit   'parse-latin': [ '7.0.0' ],
20 silly audit   parse5: [ '7.3.0' ],
20 silly audit   'path-parse': [ '1.0.7' ],
20 silly audit   piccolore: [ '0.1.3' ],
20 silly audit   picocolors: [ '1.1.1' ],
20 silly audit   pify: [ '2.3.0' ],
20 silly audit   pirates: [ '4.0.7' ],
20 silly audit   postcss: [ '8.5.8' ],
20 silly audit   'postcss-import': [ '15.1.0' ],
20 silly audit   'postcss-js': [ '4.1.0' ],
20 silly audit   'postcss-load-config': [ '4.0.2' ],
20 silly audit   'postcss-nested': [ '6.2.0' ],
20 silly audit   'postcss-selector-parser': [ '6.1.2' ],
20 silly audit   'postcss-value-parser': [ '4.2.0' ],
20 silly audit   prismjs: [ '1.30.0' ],
20 silly audit   prompts: [ '2.4.2' ],
20 silly audit   kleur: [ '3.0.3' ],
20 silly audit   'prop-types': [ '15.8.1' ],
20 silly audit   'react-is': [ '16.13.1', '18.3.1' ],
20 silly audit   'property-information': [ '7.1.0' ],
20 silly audit   'queue-microtask': [ '1.2.3' ],
20 silly audit   radix3: [ '1.1.2' ],
20 silly audit   react: [ '18.3.1' ],
20 silly audit   'react-dom': [ '18.3.1' ],
20 silly audit   'react-refresh': [ '0.17.0' ],
20 silly audit   'react-smooth': [ '4.0.4' ],
20 silly audit   'react-transition-group': [ '4.4.5' ],
20 silly audit   reactflow: [ '11.11.4' ],
20 silly audit   'read-cache': [ '1.0.0' ],
20 silly audit   readdirp: [ '5.0.0', '3.6.0' ],
20 silly audit   recharts: [ '2.15.4' ],
20 silly audit   'recharts-scale': [ '0.4.5' ],
20 silly audit   regex: [ '6.1.0' ],
20 silly audit   'regex-recursion': [ '6.0.2' ],
20 silly audit   'regex-utilities': [ '2.3.0' ],
20 silly audit   rehype: [ '13.0.2' ],
20 silly audit   'rehype-parse': [ '9.0.1' ],
20 silly audit   'rehype-raw': [ '7.0.0' ],
20 silly audit   'rehype-stringify': [ '10.0.1' ],
20 silly audit   'remark-gfm': [ '4.0.1' ],
20 silly audit   'remark-parse': [ '11.0.0' ],
20 silly audit   'remark-rehype': [ '11.1.2' ],
20 silly audit   'remark-smartypants': [ '3.0.2' ],
20 silly audit   'remark-stringify': [ '11.0.0' ],
20 silly audit   resolve: [ '1.22.11' ],
20 silly audit   retext: [ '9.0.0' ],
20 silly audit   'retext-latin': [ '4.0.0' ],
20 silly audit   'retext-smartypants': [ '6.2.0' ],
20 silly audit   'retext-stringify': [ '4.0.0' ],
20 silly audit   reusify: [ '1.1.0' ],
20 silly audit   rollup: [ '4.60.1' ],
20 silly audit   'run-parallel': [ '1.2.0' ],
20 silly audit   sax: [ '1.6.0' ],
20 silly audit   scheduler: [ '0.23.2' ],
20 silly audit   sharp: [ '0.34.5' ],
20 silly audit   shiki: [ '3.23.0' ],
20 silly audit   sisteransi: [ '1.0.5' ],
20 silly audit   'smol-toml': [ '1.6.1' ],
20 silly audit   'source-map-js': [ '1.2.1' ],
20 silly audit   'space-separated-tokens': [ '2.0.2' ],
20 silly audit   'stringify-entities': [ '4.0.4' ],
20 silly audit   sucrase: [ '3.35.1' ],
20 silly audit   'supports-preserve-symlinks-flag': [ '1.0.0' ],
20 silly audit   svgo: [ '4.0.1' ],
20 silly audit   'tailwind-merge': [ '2.6.1' ],
20 silly audit   tailwindcss: [ '3.4.19' ],
20 silly audit   jiti: [ '1.21.7' ],
20 silly audit   thenify: [ '3.3.1' ],
20 silly audit   'thenify-all': [ '1.6.0' ],
20 silly audit   'tiny-inflate': [ '1.0.3' ],
20 silly audit   'tiny-invariant': [ '1.3.3' ],
20 silly audit   tinyexec: [ '1.0.4' ],
20 silly audit   tinyglobby: [ '0.2.15' ],
20 silly audit   'to-regex-range': [ '5.0.1' ],
20 silly audit   'trim-lines': [ '3.0.1' ],
20 silly audit   trough: [ '2.2.0' ],
20 silly audit   'ts-interface-checker': [ '0.1.13' ],
20 silly audit   tsconfck: [ '3.1.6' ],
20 silly audit   tslib: [ '2.8.1' ],
20 silly audit   'type-fest': [ '4.41.0' ],
20 silly audit   ufo: [ '1.6.3' ],
20 silly audit   ultrahtml: [ '1.6.0' ],
20 silly audit   uncrypto: [ '0.1.3' ],
20 silly audit   unified: [ '11.0.5' ],
20 silly audit   unifont: [ '0.7.4' ],
20 silly audit   'unist-util-find-after': [ '5.0.0' ],
20 silly audit   'unist-util-is': [ '6.0.1' ],
20 silly audit   'unist-util-modify-children': [ '4.0.0' ],
20 silly audit   'unist-util-position': [ '5.0.0' ],
20 silly audit   'unist-util-remove-position': [ '5.0.0' ],
20 silly audit   'unist-util-stringify-position': [ '4.0.0' ],
20 silly audit   'unist-util-visit': [ '5.1.0' ],
20 silly audit   'unist-util-visit-children': [ '3.0.0' ],
20 silly audit   'unist-util-visit-parents': [ '6.0.2' ],
20 silly audit   unstorage: [ '1.17.5' ],
20 silly audit   'update-browserslist-db': [ '1.2.3' ],
20 silly audit   'use-sync-external-store': [ '1.6.0' ],
20 silly audit   'util-deprecate': [ '1.0.2' ],
20 silly audit   vfile: [ '6.0.3' ],
20 silly audit   'vfile-location': [ '5.0.3' ],
20 silly audit   'vfile-message': [ '4.0.3' ],
20 silly audit   'victory-vendor': [ '36.9.2' ],
20 silly audit   vite: [ '6.4.1' ],
20 silly audit   vitefu: [ '1.1.3' ],
20 silly audit   'web-namespaces': [ '2.0.1' ],
20 silly audit   'which-pm-runs': [ '1.1.0' ],
20 silly audit   'widest-line': [ '5.0.0' ],
20 silly audit   'wrap-ansi': [ '9.0.2' ],
20 silly audit   'xxhash-wasm': [ '1.1.0' ],
20 silly audit   yallist: [ '3.1.1' ],
20 silly audit   yaml: [ '2.8.3' ],
20 silly audit   'yargs-parser': [ '21.1.1' ],
20 silly audit   'yocto-queue': [ '1.2.2' ],
20 silly audit   'yocto-spinner': [ '0.2.3' ],
20 silly audit   yoctocolors: [ '2.1.2' ],
20 silly audit   zod: [ '3.25.76' ],
20 silly audit   'zod-to-json-schema': [ '3.25.2' ],
20 silly audit   'zod-to-ts': [ '1.2.0' ],
20 silly audit   zustand: [ '4.5.7' ],
20 silly audit   zwitch: [ '2.0.4' ],
20 silly audit   typescript: [ '5.9.3' ]
20 silly audit }
21 http cache typescript@https://registry.npmjs.org/typescript/-/typescript-5.9.3.tgz 1ms (cache hit)
22 http cache zwitch@https://registry.npmjs.org/zwitch/-/zwitch-2.0.4.tgz 0ms (cache hit)
23 http cache zustand@https://registry.npmjs.org/zustand/-/zustand-4.5.7.tgz 0ms (cache hit)
24 http cache zod-to-ts@https://registry.npmjs.org/zod-to-ts/-/zod-to-ts-1.2.0.tgz 0ms (cache hit)
25 http cache zod-to-json-schema@https://registry.npmjs.org/zod-to-json-schema/-/zod-to-json-schema-3.25.2.tgz 0ms (cache hit)
26 http cache zod@https://registry.npmjs.org/zod/-/zod-3.25.76.tgz 0ms (cache hit)
27 http cache yoctocolors@https://registry.npmjs.org/yoctocolors/-/yoctocolors-2.1.2.tgz 0ms (cache hit)
28 http cache yocto-queue@https://registry.npmjs.org/yocto-queue/-/yocto-queue-1.2.2.tgz 0ms (cache hit)
29 http cache yargs-parser@https://registry.npmjs.org/yargs-parser/-/yargs-parser-21.1.1.tgz 0ms (cache hit)
30 http cache yocto-spinner@https://registry.npmjs.org/yocto-spinner/-/yocto-spinner-0.2.3.tgz 0ms (cache hit)
31 http cache yaml@https://registry.npmjs.org/yaml/-/yaml-2.8.3.tgz 0ms (cache hit)
32 http cache yallist@https://registry.npmjs.org/yallist/-/yallist-3.1.1.tgz 0ms (cache hit)
33 http cache xxhash-wasm@https://registry.npmjs.org/xxhash-wasm/-/xxhash-wasm-1.1.0.tgz 0ms (cache hit)
34 http cache widest-line@https://registry.npmjs.org/widest-line/-/widest-line-5.0.0.tgz 0ms (cache hit)
35 http cache wrap-ansi@https://registry.npmjs.org/wrap-ansi/-/wrap-ansi-9.0.2.tgz 0ms (cache hit)
36 http cache which-pm-runs@https://registry.npmjs.org/which-pm-runs/-/which-pm-runs-1.1.0.tgz 0ms (cache hit)
37 http cache web-namespaces@https://registry.npmjs.org/web-namespaces/-/web-namespaces-2.0.1.tgz 0ms (cache hit)
38 http cache vite@https://registry.npmjs.org/vite/-/vite-6.4.1.tgz 0ms (cache hit)
39 http cache vitefu@https://registry.npmjs.org/vitefu/-/vitefu-1.1.3.tgz 0ms (cache hit)
40 http cache victory-vendor@https://registry.npmjs.org/victory-vendor/-/victory-vendor-36.9.2.tgz 0ms (cache hit)
41 http cache vfile-message@https://registry.npmjs.org/vfile-message/-/vfile-message-4.0.3.tgz 0ms (cache hit)
42 http cache vfile-location@https://registry.npmjs.org/vfile-location/-/vfile-location-5.0.3.tgz 0ms (cache hit)
43 http cache vfile@https://registry.npmjs.org/vfile/-/vfile-6.0.3.tgz 0ms (cache hit)
44 http cache use-sync-external-store@https://registry.npmjs.org/use-sync-external-store/-/use-sync-external-store-1.6.0.tgz 0ms (cache hit)
45 http cache util-deprecate@https://registry.npmjs.org/util-deprecate/-/util-deprecate-1.0.2.tgz 0ms (cache hit)
46 http cache update-browserslist-db@https://registry.npmjs.org/update-browserslist-db/-/update-browserslist-db-1.2.3.tgz 0ms (cache hit)
47 http cache unist-util-visit-parents@https://registry.npmjs.org/unist-util-visit-parents/-/unist-util-visit-parents-6.0.2.tgz 0ms (cache hit)
48 http cache unstorage@https://registry.npmjs.org/unstorage/-/unstorage-1.17.5.tgz 0ms (cache hit)
49 http cache unist-util-visit-children@https://registry.npmjs.org/unist-util-visit-children/-/unist-util-visit-children-3.0.0.tgz 0ms (cache hit)
50 http cache unist-util-visit@https://registry.npmjs.org/unist-util-visit/-/unist-util-visit-5.1.0.tgz 0ms (cache hit)
51 http cache unist-util-remove-position@https://registry.npmjs.org/unist-util-remove-position/-/unist-util-remove-position-5.0.0.tgz 0ms (cache hit)
52 http cache unist-util-position@https://registry.npmjs.org/unist-util-position/-/unist-util-position-5.0.0.tgz 0ms (cache hit)
53 http cache unist-util-modify-children@https://registry.npmjs.org/unist-util-modify-children/-/unist-util-modify-children-4.0.0.tgz 0ms (cache hit)
54 http cache unist-util-stringify-position@https://registry.npmjs.org/unist-util-stringify-position/-/unist-util-stringify-position-4.0.0.tgz 0ms (cache hit)
55 http cache unist-util-is@https://registry.npmjs.org/unist-util-is/-/unist-util-is-6.0.1.tgz 0ms (cache hit)
56 http cache unifont@https://registry.npmjs.org/unifont/-/unifont-0.7.4.tgz 0ms (cache hit)
57 http cache unist-util-find-after@https://registry.npmjs.org/unist-util-find-after/-/unist-util-find-after-5.0.0.tgz 0ms (cache hit)
58 http cache unified@https://registry.npmjs.org/unified/-/unified-11.0.5.tgz 0ms (cache hit)
59 http cache ultrahtml@https://registry.npmjs.org/ultrahtml/-/ultrahtml-1.6.0.tgz 0ms (cache hit)
60 http cache uncrypto@https://registry.npmjs.org/uncrypto/-/uncrypto-0.1.3.tgz 0ms (cache hit)
61 http cache ufo@https://registry.npmjs.org/ufo/-/ufo-1.6.3.tgz 0ms (cache hit)
62 http cache ts-interface-checker@https://registry.npmjs.org/ts-interface-checker/-/ts-interface-checker-0.1.13.tgz 0ms (cache hit)
63 http cache tsconfck@https://registry.npmjs.org/tsconfck/-/tsconfck-3.1.6.tgz 0ms (cache hit)
64 http cache to-regex-range@https://registry.npmjs.org/to-regex-range/-/to-regex-range-5.0.1.tgz 1ms (cache hit)
65 http cache trough@https://registry.npmjs.org/trough/-/trough-2.2.0.tgz 0ms (cache hit)
66 http cache type-fest@https://registry.npmjs.org/type-fest/-/type-fest-4.41.0.tgz 0ms (cache hit)
67 http cache tslib@https://registry.npmjs.org/tslib/-/tslib-2.8.1.tgz 0ms (cache hit)
68 http cache tinyglobby@https://registry.npmjs.org/tinyglobby/-/tinyglobby-0.2.15.tgz 0ms (cache hit)
69 http cache trim-lines@https://registry.npmjs.org/trim-lines/-/trim-lines-3.0.1.tgz 0ms (cache hit)
70 http cache tiny-inflate@https://registry.npmjs.org/tiny-inflate/-/tiny-inflate-1.0.3.tgz 0ms (cache hit)
71 http cache tiny-invariant@https://registry.npmjs.org/tiny-invariant/-/tiny-invariant-1.3.3.tgz 0ms (cache hit)
72 http cache thenify-all@https://registry.npmjs.org/thenify-all/-/thenify-all-1.6.0.tgz 0ms (cache hit)
73 http cache tinyexec@https://registry.npmjs.org/tinyexec/-/tinyexec-1.0.4.tgz 0ms (cache hit)
74 http cache thenify@https://registry.npmjs.org/thenify/-/thenify-3.3.1.tgz 0ms (cache hit)
75 http cache tailwind-merge@https://registry.npmjs.org/tailwind-merge/-/tailwind-merge-2.6.1.tgz 0ms (cache hit)
76 http cache supports-preserve-symlinks-flag@https://registry.npmjs.org/supports-preserve-symlinks-flag/-/supports-preserve-symlinks-flag-1.0.0.tgz 0ms (cache hit)
77 http cache svgo@https://registry.npmjs.org/svgo/-/svgo-4.0.1.tgz 0ms (cache hit)
78 http cache sucrase@https://registry.npmjs.org/sucrase/-/sucrase-3.35.1.tgz 0ms (cache hit)
79 http cache strip-ansi@https://registry.npmjs.org/strip-ansi/-/strip-ansi-7.2.0.tgz 0ms (cache hit)
80 http cache tailwindcss@https://registry.npmjs.org/tailwindcss/-/tailwindcss-3.4.19.tgz 0ms (cache hit)
81 http cache string-width@https://registry.npmjs.org/string-width/-/string-width-7.2.0.tgz 0ms (cache hit)
82 http cache space-separated-tokens@https://registry.npmjs.org/space-separated-tokens/-/space-separated-tokens-2.0.2.tgz 0ms (cache hit)
83 http cache source-map-js@https://registry.npmjs.org/source-map-js/-/source-map-js-1.2.1.tgz 0ms (cache hit)
84 http cache stringify-entities@https://registry.npmjs.org/stringify-entities/-/stringify-entities-4.0.4.tgz 0ms (cache hit)
85 http cache smol-toml@https://registry.npmjs.org/smol-toml/-/smol-toml-1.6.1.tgz 0ms (cache hit)
86 http cache sisteransi@https://registry.npmjs.org/sisteransi/-/sisteransi-1.0.5.tgz 0ms (cache hit)
87 http cache shiki@https://registry.npmjs.org/shiki/-/shiki-3.23.0.tgz 0ms (cache hit)
88 http cache semver@https://registry.npmjs.org/semver/-/semver-6.3.1.tgz 0ms (cache hit)
89 http cache sharp@https://registry.npmjs.org/sharp/-/sharp-0.34.5.tgz 0ms (cache hit)
90 http cache sax@https://registry.npmjs.org/sax/-/sax-1.6.0.tgz 0ms (cache hit)
91 http cache scheduler@https://registry.npmjs.org/scheduler/-/scheduler-0.23.2.tgz 0ms (cache hit)
92 http cache rollup@https://registry.npmjs.org/rollup/-/rollup-4.60.1.tgz 0ms (cache hit)
93 http cache retext-stringify@https://registry.npmjs.org/retext-stringify/-/retext-stringify-4.0.0.tgz 0ms (cache hit)
94 http cache reusify@https://registry.npmjs.org/reusify/-/reusify-1.1.0.tgz 0ms (cache hit)
95 http cache run-parallel@https://registry.npmjs.org/run-parallel/-/run-parallel-1.2.0.tgz 0ms (cache hit)
96 http cache retext-smartypants@https://registry.npmjs.org/retext-smartypants/-/retext-smartypants-6.2.0.tgz 0ms (cache hit)
97 http cache resolve@https://registry.npmjs.org/resolve/-/resolve-1.22.11.tgz 0ms (cache hit)
98 http cache retext@https://registry.npmjs.org/retext/-/retext-9.0.0.tgz 0ms (cache hit)
99 http cache retext-latin@https://registry.npmjs.org/retext-latin/-/retext-latin-4.0.0.tgz 0ms (cache hit)
100 http cache remark-stringify@https://registry.npmjs.org/remark-stringify/-/remark-stringify-11.0.0.tgz 0ms (cache hit)
101 http cache remark-smartypants@https://registry.npmjs.org/remark-smartypants/-/remark-smartypants-3.0.2.tgz 0ms (cache hit)
102 http cache remark-rehype@https://registry.npmjs.org/remark-rehype/-/remark-rehype-11.1.2.tgz 0ms (cache hit)
103 http cache remark-gfm@https://registry.npmjs.org/remark-gfm/-/remark-gfm-4.0.1.tgz 0ms (cache hit)
104 http cache rehype-stringify@https://registry.npmjs.org/rehype-stringify/-/rehype-stringify-10.0.1.tgz 0ms (cache hit)
105 http cache remark-parse@https://registry.npmjs.org/remark-parse/-/remark-parse-11.0.0.tgz 0ms (cache hit)
106 http cache rehype-parse@https://registry.npmjs.org/rehype-parse/-/rehype-parse-9.0.1.tgz 0ms (cache hit)
107 http cache regex-utilities@https://registry.npmjs.org/regex-utilities/-/regex-utilities-2.3.0.tgz 0ms (cache hit)
108 http cache rehype@https://registry.npmjs.org/rehype/-/rehype-13.0.2.tgz 0ms (cache hit)
109 http cache regex-recursion@https://registry.npmjs.org/regex-recursion/-/regex-recursion-6.0.2.tgz 0ms (cache hit)
110 http cache rehype-raw@https://registry.npmjs.org/rehype-raw/-/rehype-raw-7.0.0.tgz 0ms (cache hit)
111 http cache regex@https://registry.npmjs.org/regex/-/regex-6.1.0.tgz 0ms (cache hit)
112 http cache reactflow@https://registry.npmjs.org/reactflow/-/reactflow-11.11.4.tgz 0ms (cache hit)
113 http cache recharts-scale@https://registry.npmjs.org/recharts-scale/-/recharts-scale-0.4.5.tgz 0ms (cache hit)
114 http cache recharts@https://registry.npmjs.org/recharts/-/recharts-2.15.4.tgz 0ms (cache hit)
115 http cache readdirp@https://registry.npmjs.org/readdirp/-/readdirp-5.0.0.tgz 0ms (cache hit)
116 http cache read-cache@https://registry.npmjs.org/read-cache/-/read-cache-1.0.0.tgz 0ms (cache hit)
117 http cache react-smooth@https://registry.npmjs.org/react-smooth/-/react-smooth-4.0.4.tgz 0ms (cache hit)
118 http cache react-transition-group@https://registry.npmjs.org/react-transition-group/-/react-transition-group-4.4.5.tgz 0ms (cache hit)
119 http cache react-refresh@https://registry.npmjs.org/react-refresh/-/react-refresh-0.17.0.tgz 0ms (cache hit)
120 http cache react-is@https://registry.npmjs.org/react-is/-/react-is-18.3.1.tgz 0ms (cache hit)
121 http cache react-dom@https://registry.npmjs.org/react-dom/-/react-dom-18.3.1.tgz 0ms (cache hit)
122 http cache radix3@https://registry.npmjs.org/radix3/-/radix3-1.1.2.tgz 0ms (cache hit)
123 http cache property-information@https://registry.npmjs.org/property-information/-/property-information-7.1.0.tgz 0ms (cache hit)
124 http cache queue-microtask@https://registry.npmjs.org/queue-microtask/-/queue-microtask-1.2.3.tgz 0ms (cache hit)
125 http cache react@https://registry.npmjs.org/react/-/react-18.3.1.tgz 0ms (cache hit)
126 http cache prop-types@https://registry.npmjs.org/prop-types/-/prop-types-15.8.1.tgz 0ms (cache hit)
127 http cache prompts@https://registry.npmjs.org/prompts/-/prompts-2.4.2.tgz 0ms (cache hit)
128 http cache prismjs@https://registry.npmjs.org/prismjs/-/prismjs-1.30.0.tgz 0ms (cache hit)
129 http cache postcss-nested@https://registry.npmjs.org/postcss-nested/-/postcss-nested-6.2.0.tgz 0ms (cache hit)
130 http cache postcss-selector-parser@https://registry.npmjs.org/postcss-selector-parser/-/postcss-selector-parser-6.1.2.tgz 0ms (cache hit)
131 http cache postcss-js@https://registry.npmjs.org/postcss-js/-/postcss-js-4.1.0.tgz 0ms (cache hit)
132 http cache postcss-load-config@https://registry.npmjs.org/postcss-load-config/-/postcss-load-config-4.0.2.tgz 0ms (cache hit)
133 http cache postcss-import@https://registry.npmjs.org/postcss-import/-/postcss-import-15.1.0.tgz 0ms (cache hit)
134 http cache postcss@https://registry.npmjs.org/postcss/-/postcss-8.5.8.tgz 0ms (cache hit)
135 http cache pify@https://registry.npmjs.org/pify/-/pify-2.3.0.tgz 0ms (cache hit)
136 http cache postcss-value-parser@https://registry.npmjs.org/postcss-value-parser/-/postcss-value-parser-4.2.0.tgz 0ms (cache hit)
137 http cache pirates@https://registry.npmjs.org/pirates/-/pirates-4.0.7.tgz 0ms (cache hit)
138 http cache picomatch@https://registry.npmjs.org/picomatch/-/picomatch-4.0.4.tgz 0ms (cache hit)
139 http cache piccolore@https://registry.npmjs.org/piccolore/-/piccolore-0.1.3.tgz 0ms (cache hit)
140 http cache path-parse@https://registry.npmjs.org/path-parse/-/path-parse-1.0.7.tgz 0ms (cache hit)
141 http cache package-manager-detector@https://registry.npmjs.org/package-manager-detector/-/package-manager-detector-1.6.0.tgz 0ms (cache hit)
142 http cache parse-latin@https://registry.npmjs.org/parse-latin/-/parse-latin-7.0.0.tgz 0ms (cache hit)
143 http cache picocolors@https://registry.npmjs.org/picocolors/-/picocolors-1.1.1.tgz 0ms (cache hit)
144 http cache parse5@https://registry.npmjs.org/parse5/-/parse5-7.3.0.tgz 0ms (cache hit)
145 http cache p-timeout@https://registry.npmjs.org/p-timeout/-/p-timeout-6.1.4.tgz 0ms (cache hit)
146 http cache oniguruma-to-es@https://registry.npmjs.org/oniguruma-to-es/-/oniguruma-to-es-4.3.5.tgz 0ms (cache hit)
147 http cache oniguruma-parser@https://registry.npmjs.org/oniguruma-parser/-/oniguruma-parser-0.12.1.tgz 0ms (cache hit)
148 http cache p-queue@https://registry.npmjs.org/p-queue/-/p-queue-8.1.1.tgz 0ms (cache hit)
149 http cache ohash@https://registry.npmjs.org/ohash/-/ohash-2.0.11.tgz 0ms (cache hit)
150 http cache ofetch@https://registry.npmjs.org/ofetch/-/ofetch-1.5.1.tgz 0ms (cache hit)
151 http cache p-limit@https://registry.npmjs.org/p-limit/-/p-limit-6.2.0.tgz 0ms (cache hit)
152 http cache nth-check@https://registry.npmjs.org/nth-check/-/nth-check-2.1.1.tgz 0ms (cache hit)
153 http cache object-assign@https://registry.npmjs.org/object-assign/-/object-assign-4.1.1.tgz 0ms (cache hit)
154 http cache normalize-path@https://registry.npmjs.org/normalize-path/-/normalize-path-3.0.0.tgz 0ms (cache hit)
155 http cache node-releases@https://registry.npmjs.org/node-releases/-/node-releases-2.0.37.tgz 0ms (cache hit)
156 http cache object-hash@https://registry.npmjs.org/object-hash/-/object-hash-3.0.0.tgz 0ms (cache hit)
157 http cache node-mock-http@https://registry.npmjs.org/node-mock-http/-/node-mock-http-1.0.4.tgz 0ms (cache hit)
158 http cache nlcst-to-string@https://registry.npmjs.org/nlcst-to-string/-/nlcst-to-string-4.0.0.tgz 0ms (cache hit)
159 http cache node-fetch-native@https://registry.npmjs.org/node-fetch-native/-/node-fetch-native-1.6.7.tgz 0ms (cache hit)
160 http cache nanostores@https://registry.npmjs.org/nanostores/-/nanostores-1.2.0.tgz 0ms (cache hit)
161 http cache nanoid@https://registry.npmjs.org/nanoid/-/nanoid-3.3.11.tgz 0ms (cache hit)
162 http cache neotraverse@https://registry.npmjs.org/neotraverse/-/neotraverse-0.6.18.tgz 0ms (cache hit)
163 http cache ms@https://registry.npmjs.org/ms/-/ms-2.1.3.tgz 0ms (cache hit)
164 http cache mz@https://registry.npmjs.org/mz/-/mz-2.7.0.tgz 0ms (cache hit)
165 http cache mrmime@https://registry.npmjs.org/mrmime/-/mrmime-2.0.1.tgz 0ms (cache hit)
166 http cache motion-dom@https://registry.npmjs.org/motion-dom/-/motion-dom-12.38.0.tgz 0ms (cache hit)
167 http cache micromatch@https://registry.npmjs.org/micromatch/-/micromatch-4.0.8.tgz 0ms (cache hit)
168 http cache micromark-util-types@https://registry.npmjs.org/micromark-util-types/-/micromark-util-types-2.0.2.tgz 0ms (cache hit)
169 http cache motion-utils@https://registry.npmjs.org/motion-utils/-/motion-utils-12.36.0.tgz 0ms (cache hit)
170 http cache micromark-util-symbol@https://registry.npmjs.org/micromark-util-symbol/-/micromark-util-symbol-2.0.1.tgz 0ms (cache hit)
171 http cache micromark-util-sanitize-uri@https://registry.npmjs.org/micromark-util-sanitize-uri/-/micromark-util-sanitize-uri-2.0.1.tgz 0ms (cache hit)
172 http cache micromark-util-subtokenize@https://registry.npmjs.org/micromark-util-subtokenize/-/micromark-util-subtokenize-2.1.0.tgz 0ms (cache hit)
173 http cache micromark-util-normalize-identifier@https://registry.npmjs.org/micromark-util-normalize-identifier/-/micromark-util-normalize-identifier-2.0.1.tgz 0ms (cache hit)
174 http cache micromark-util-html-tag-name@https://registry.npmjs.org/micromark-util-html-tag-name/-/micromark-util-html-tag-name-2.0.1.tgz 0ms (cache hit)
175 http cache micromark-util-encode@https://registry.npmjs.org/micromark-util-encode/-/micromark-util-encode-2.0.1.tgz 0ms (cache hit)
176 http cache micromark-util-resolve-all@https://registry.npmjs.org/micromark-util-resolve-all/-/micromark-util-resolve-all-2.0.1.tgz 0ms (cache hit)
177 http cache micromark-util-decode-string@https://registry.npmjs.org/micromark-util-decode-string/-/micromark-util-decode-string-2.0.1.tgz 0ms (cache hit)
178 http cache micromark-util-combine-extensions@https://registry.npmjs.org/micromark-util-combine-extensions/-/micromark-util-combine-extensions-2.0.1.tgz 0ms (cache hit)
179 http cache micromark-util-decode-numeric-character-reference@https://registry.npmjs.org/micromark-util-decode-numeric-character-reference/-/micromark-util-decode-numeric-character-reference-2.0.2.tgz 0ms (cache hit)
180 http cache micromark-util-chunked@https://registry.npmjs.org/micromark-util-chunked/-/micromark-util-chunked-2.0.1.tgz 0ms (cache hit)
181 http cache micromark-util-classify-character@https://registry.npmjs.org/micromark-util-classify-character/-/micromark-util-classify-character-2.0.1.tgz 0ms (cache hit)
182 http cache micromark-util-character@https://registry.npmjs.org/micromark-util-character/-/micromark-util-character-2.1.1.tgz 0ms (cache hit)
183 http cache micromark-factory-whitespace@https://registry.npmjs.org/micromark-factory-whitespace/-/micromark-factory-whitespace-2.0.1.tgz 0ms (cache hit)
184 http cache micromark-factory-title@https://registry.npmjs.org/micromark-factory-title/-/micromark-factory-title-2.0.1.tgz 0ms (cache hit)
185 http cache micromark-factory-destination@https://registry.npmjs.org/micromark-factory-destination/-/micromark-factory-destination-2.0.1.tgz 0ms (cache hit)
186 http cache micromark-extension-gfm-task-list-item@https://registry.npmjs.org/micromark-extension-gfm-task-list-item/-/micromark-extension-gfm-task-list-item-2.1.0.tgz 0ms (cache hit)
187 http cache micromark-factory-label@https://registry.npmjs.org/micromark-factory-label/-/micromark-factory-label-2.0.1.tgz 0ms (cache hit)
188 http cache micromark-factory-space@https://registry.npmjs.org/micromark-factory-space/-/micromark-factory-space-2.0.1.tgz 0ms (cache hit)
189 http cache micromark-extension-gfm-tagfilter@https://registry.npmjs.org/micromark-extension-gfm-tagfilter/-/micromark-extension-gfm-tagfilter-2.0.0.tgz 0ms (cache hit)
190 http cache micromark-extension-gfm-table@https://registry.npmjs.org/micromark-extension-gfm-table/-/micromark-extension-gfm-table-2.1.1.tgz 0ms (cache hit)
191 http cache micromark-extension-gfm-autolink-literal@https://registry.npmjs.org/micromark-extension-gfm-autolink-literal/-/micromark-extension-gfm-autolink-literal-2.1.0.tgz 0ms (cache hit)
192 http cache micromark-extension-gfm-strikethrough@https://registry.npmjs.org/micromark-extension-gfm-strikethrough/-/micromark-extension-gfm-strikethrough-2.1.0.tgz 0ms (cache hit)
193 http cache micromark-extension-gfm@https://registry.npmjs.org/micromark-extension-gfm/-/micromark-extension-gfm-3.0.0.tgz 0ms (cache hit)
194 http cache micromark-extension-gfm-footnote@https://registry.npmjs.org/micromark-extension-gfm-footnote/-/micromark-extension-gfm-footnote-2.1.0.tgz 0ms (cache hit)
195 http cache micromark@https://registry.npmjs.org/micromark/-/micromark-4.0.2.tgz 0ms (cache hit)
196 http cache merge2@https://registry.npmjs.org/merge2/-/merge2-1.4.1.tgz 0ms (cache hit)
197 http cache micromark-core-commonmark@https://registry.npmjs.org/micromark-core-commonmark/-/micromark-core-commonmark-2.0.3.tgz 0ms (cache hit)
198 http cache mdast-util-to-markdown@https://registry.npmjs.org/mdast-util-to-markdown/-/mdast-util-to-markdown-2.1.2.tgz 0ms (cache hit)
199 http cache mdast-util-to-string@https://registry.npmjs.org/mdast-util-to-string/-/mdast-util-to-string-4.0.0.tgz 0ms (cache hit)
200 http cache mdast-util-to-hast@https://registry.npmjs.org/mdast-util-to-hast/-/mdast-util-to-hast-13.2.1.tgz 0ms (cache hit)
201 http cache mdast-util-phrasing@https://registry.npmjs.org/mdast-util-phrasing/-/mdast-util-phrasing-4.1.0.tgz 0ms (cache hit)
202 http cache mdast-util-gfm-task-list-item@https://registry.npmjs.org/mdast-util-gfm-task-list-item/-/mdast-util-gfm-task-list-item-2.0.0.tgz 0ms (cache hit)
203 http cache mdast-util-gfm-strikethrough@https://registry.npmjs.org/mdast-util-gfm-strikethrough/-/mdast-util-gfm-strikethrough-2.0.0.tgz 0ms (cache hit)
204 http cache mdast-util-gfm-table@https://registry.npmjs.org/mdast-util-gfm-table/-/mdast-util-gfm-table-2.0.0.tgz 0ms (cache hit)
205 http cache mdast-util-gfm-footnote@https://registry.npmjs.org/mdast-util-gfm-footnote/-/mdast-util-gfm-footnote-2.1.0.tgz 0ms (cache hit)
206 http cache mdn-data@https://registry.npmjs.org/mdn-data/-/mdn-data-2.27.1.tgz 0ms (cache hit)
207 http cache mdast-util-from-markdown@https://registry.npmjs.org/mdast-util-from-markdown/-/mdast-util-from-markdown-2.0.3.tgz 0ms (cache hit)
208 http cache mdast-util-gfm@https://registry.npmjs.org/mdast-util-gfm/-/mdast-util-gfm-3.1.0.tgz 0ms (cache hit)
209 http cache mdast-util-gfm-autolink-literal@https://registry.npmjs.org/mdast-util-gfm-autolink-literal/-/mdast-util-gfm-autolink-literal-2.0.1.tgz 0ms (cache hit)
210 http cache mdast-util-definitions@https://registry.npmjs.org/mdast-util-definitions/-/mdast-util-definitions-6.0.0.tgz 0ms (cache hit)
211 http cache markdown-table@https://registry.npmjs.org/markdown-table/-/markdown-table-3.0.4.tgz 0ms (cache hit)
212 http cache mdast-util-find-and-replace@https://registry.npmjs.org/mdast-util-find-and-replace/-/mdast-util-find-and-replace-3.0.2.tgz 0ms (cache hit)
213 http cache magic-string@https://registry.npmjs.org/magic-string/-/magic-string-0.30.21.tgz 0ms (cache hit)
214 http cache lucide-react@https://registry.npmjs.org/lucide-react/-/lucide-react-0.471.2.tgz 0ms (cache hit)
215 http cache lru-cache@https://registry.npmjs.org/lru-cache/-/lru-cache-5.1.1.tgz 0ms (cache hit)
216 http cache magicast@https://registry.npmjs.org/magicast/-/magicast-0.5.2.tgz 0ms (cache hit)
217 http cache longest-streak@https://registry.npmjs.org/longest-streak/-/longest-streak-3.1.0.tgz 0ms (cache hit)
218 http cache lodash@https://registry.npmjs.org/lodash/-/lodash-4.18.1.tgz 0ms (cache hit)
219 http cache loose-envify@https://registry.npmjs.org/loose-envify/-/loose-envify-1.4.0.tgz 0ms (cache hit)
220 http cache lilconfig@https://registry.npmjs.org/lilconfig/-/lilconfig-3.1.3.tgz 0ms (cache hit)
221 http cache lines-and-columns@https://registry.npmjs.org/lines-and-columns/-/lines-and-columns-1.2.4.tgz 0ms (cache hit)
222 http cache jsesc@https://registry.npmjs.org/jsesc/-/jsesc-3.1.0.tgz 0ms (cache hit)
223 http cache js-yaml@https://registry.npmjs.org/js-yaml/-/js-yaml-4.1.1.tgz 0ms (cache hit)
224 http cache js-tokens@https://registry.npmjs.org/js-tokens/-/js-tokens-4.0.0.tgz 0ms (cache hit)
225 http cache json5@https://registry.npmjs.org/json5/-/json5-2.2.3.tgz 0ms (cache hit)
226 http cache is-wsl@https://registry.npmjs.org/is-wsl/-/is-wsl-3.1.1.tgz 0ms (cache hit)
227 http cache is-number@https://registry.npmjs.org/is-number/-/is-number-7.0.0.tgz 0ms (cache hit)
228 http cache is-plain-obj@https://registry.npmjs.org/is-plain-obj/-/is-plain-obj-4.1.0.tgz 0ms (cache hit)
229 http cache is-glob@https://registry.npmjs.org/is-glob/-/is-glob-4.0.3.tgz 0ms (cache hit)
230 http cache is-inside-container@https://registry.npmjs.org/is-inside-container/-/is-inside-container-1.0.0.tgz 0ms (cache hit)
231 http cache is-fullwidth-code-point@https://registry.npmjs.org/is-fullwidth-code-point/-/is-fullwidth-code-point-3.0.0.tgz 0ms (cache hit)
232 http cache is-extglob@https://registry.npmjs.org/is-extglob/-/is-extglob-2.1.1.tgz 0ms (cache hit)
233 http cache is-docker@https://registry.npmjs.org/is-docker/-/is-docker-3.0.0.tgz 0ms (cache hit)
234 http cache iron-webcrypto@https://registry.npmjs.org/iron-webcrypto/-/iron-webcrypto-1.2.1.tgz 0ms (cache hit)
235 http cache is-core-module@https://registry.npmjs.org/is-core-module/-/is-core-module-2.16.1.tgz 0ms (cache hit)
236 http cache internmap@https://registry.npmjs.org/internmap/-/internmap-2.0.3.tgz 0ms (cache hit)
237 http cache is-binary-path@https://registry.npmjs.org/is-binary-path/-/is-binary-path-2.1.0.tgz 0ms (cache hit)
238 http cache http-cache-semantics@https://registry.npmjs.org/http-cache-semantics/-/http-cache-semantics-4.2.0.tgz 0ms (cache hit)
239 http cache html-void-elements@https://registry.npmjs.org/html-void-elements/-/html-void-elements-3.0.0.tgz 0ms (cache hit)
240 http cache import-meta-resolve@https://registry.npmjs.org/import-meta-resolve/-/import-meta-resolve-4.2.0.tgz 0ms (cache hit)
241 http cache hastscript@https://registry.npmjs.org/hastscript/-/hastscript-9.0.1.tgz 0ms (cache hit)
242 http cache hast-util-whitespace@https://registry.npmjs.org/hast-util-whitespace/-/hast-util-whitespace-3.0.0.tgz 0ms (cache hit)
243 http cache html-escaper@https://registry.npmjs.org/html-escaper/-/html-escaper-3.0.3.tgz 0ms (cache hit)
244 http cache hast-util-to-parse5@https://registry.npmjs.org/hast-util-to-parse5/-/hast-util-to-parse5-8.0.1.tgz 0ms (cache hit)
245 http cache hast-util-raw@https://registry.npmjs.org/hast-util-raw/-/hast-util-raw-9.1.0.tgz 0ms (cache hit)
246 http cache hast-util-to-html@https://registry.npmjs.org/hast-util-to-html/-/hast-util-to-html-9.0.5.tgz 0ms (cache hit)
247 http cache hast-util-is-element@https://registry.npmjs.org/hast-util-is-element/-/hast-util-is-element-3.0.0.tgz 0ms (cache hit)
248 http cache hast-util-to-text@https://registry.npmjs.org/hast-util-to-text/-/hast-util-to-text-4.0.2.tgz 0ms (cache hit)
249 http cache hast-util-from-parse5@https://registry.npmjs.org/hast-util-from-parse5/-/hast-util-from-parse5-8.0.3.tgz 0ms (cache hit)
250 http cache hast-util-from-html@https://registry.npmjs.org/hast-util-from-html/-/hast-util-from-html-2.0.3.tgz 0ms (cache hit)
251 http cache hast-util-parse-selector@https://registry.npmjs.org/hast-util-parse-selector/-/hast-util-parse-selector-4.0.0.tgz 0ms (cache hit)
252 http cache h3@https://registry.npmjs.org/h3/-/h3-1.15.11.tgz 0ms (cache hit)
253 http cache glob-parent@https://registry.npmjs.org/glob-parent/-/glob-parent-6.0.2.tgz 0ms (cache hit)
254 http cache hasown@https://registry.npmjs.org/hasown/-/hasown-2.0.2.tgz 0ms (cache hit)
255 http cache get-east-asian-width@https://registry.npmjs.org/get-east-asian-width/-/get-east-asian-width-1.5.0.tgz 0ms (cache hit)
256 http cache github-slugger@https://registry.npmjs.org/github-slugger/-/github-slugger-2.0.0.tgz 0ms (cache hit)
257 http cache gensync@https://registry.npmjs.org/gensync/-/gensync-1.0.0-beta.2.tgz 0ms (cache hit)
258 http cache framer-motion@https://registry.npmjs.org/framer-motion/-/framer-motion-12.38.0.tgz 0ms (cache hit)
259 http cache fraction.js@https://registry.npmjs.org/fraction.js/-/fraction.js-5.3.4.tgz 0ms (cache hit)
260 http cache fontkitten@https://registry.npmjs.org/fontkitten/-/fontkitten-1.0.3.tgz 1ms (cache hit)
261 http cache fontace@https://registry.npmjs.org/fontace/-/fontace-0.4.1.tgz 0ms (cache hit)
262 http cache function-bind@https://registry.npmjs.org/function-bind/-/function-bind-1.1.2.tgz 0ms (cache hit)
263 http cache fdir@https://registry.npmjs.org/fdir/-/fdir-6.5.0.tgz 0ms (cache hit)
264 http cache fast-glob@https://registry.npmjs.org/fast-glob/-/fast-glob-3.3.3.tgz 0ms (cache hit)
265 http cache fill-range@https://registry.npmjs.org/fill-range/-/fill-range-7.1.1.tgz 0ms (cache hit)
266 http cache fastq@https://registry.npmjs.org/fastq/-/fastq-1.20.1.tgz 0ms (cache hit)
267 http cache flattie@https://registry.npmjs.org/flattie/-/flattie-1.1.1.tgz 0ms (cache hit)
268 http cache fast-equals@https://registry.npmjs.org/fast-equals/-/fast-equals-5.4.0.tgz 0ms (cache hit)
269 http cache estree-walker@https://registry.npmjs.org/estree-walker/-/estree-walker-2.0.2.tgz 0ms (cache hit)
270 http cache escape-string-regexp@https://registry.npmjs.org/escape-string-regexp/-/escape-string-regexp-5.0.0.tgz 0ms (cache hit)
271 http cache extend@https://registry.npmjs.org/extend/-/extend-3.0.2.tgz 0ms (cache hit)
272 http cache eventemitter3@https://registry.npmjs.org/eventemitter3/-/eventemitter3-5.0.4.tgz 0ms (cache hit)
273 http cache esbuild@https://registry.npmjs.org/esbuild/-/esbuild-0.27.5.tgz 0ms (cache hit)
274 http cache escalade@https://registry.npmjs.org/escalade/-/escalade-3.2.0.tgz 0ms (cache hit)
275 http cache es-module-lexer@https://registry.npmjs.org/es-module-lexer/-/es-module-lexer-1.7.0.tgz 0ms (cache hit)
276 http cache electron-to-chromium@https://registry.npmjs.org/electron-to-chromium/-/electron-to-chromium-1.5.331.tgz 0ms (cache hit)
277 http cache dset@https://registry.npmjs.org/dset/-/dset-3.1.4.tgz 0ms (cache hit)
278 http cache domelementtype@https://registry.npmjs.org/domelementtype/-/domelementtype-2.3.0.tgz 0ms (cache hit)
279 http cache domutils@https://registry.npmjs.org/domutils/-/domutils-3.2.2.tgz 0ms (cache hit)
280 http cache emoji-regex@https://registry.npmjs.org/emoji-regex/-/emoji-regex-10.6.0.tgz 0ms (cache hit)
281 http cache dom-serializer@https://registry.npmjs.org/dom-serializer/-/dom-serializer-2.0.0.tgz 0ms (cache hit)
282 http cache domhandler@https://registry.npmjs.org/domhandler/-/domhandler-5.0.3.tgz 0ms (cache hit)
283 http cache dlv@https://registry.npmjs.org/dlv/-/dlv-1.1.3.tgz 0ms (cache hit)
284 http cache didyoumean@https://registry.npmjs.org/didyoumean/-/didyoumean-1.2.2.tgz 0ms (cache hit)
285 http cache diff@https://registry.npmjs.org/diff/-/diff-8.0.4.tgz 0ms (cache hit)
286 http cache devalue@https://registry.npmjs.org/devalue/-/devalue-5.6.4.tgz 0ms (cache hit)
287 http cache deterministic-object-hash@https://registry.npmjs.org/deterministic-object-hash/-/deterministic-object-hash-2.0.2.tgz 0ms (cache hit)
288 http cache detect-libc@https://registry.npmjs.org/detect-libc/-/detect-libc-2.1.2.tgz 0ms (cache hit)
289 http cache dequal@https://registry.npmjs.org/dequal/-/dequal-2.0.3.tgz 0ms (cache hit)
290 http cache destr@https://registry.npmjs.org/destr/-/destr-2.0.5.tgz 0ms (cache hit)
291 http cache devlop@https://registry.npmjs.org/devlop/-/devlop-1.1.0.tgz 0ms (cache hit)
292 http cache decode-named-character-reference@https://registry.npmjs.org/decode-named-character-reference/-/decode-named-character-reference-1.3.0.tgz 0ms (cache hit)
293 http cache defu@https://registry.npmjs.org/defu/-/defu-6.1.6.tgz 0ms (cache hit)
294 http cache d3-zoom@https://registry.npmjs.org/d3-zoom/-/d3-zoom-3.0.0.tgz 0ms (cache hit)
295 http cache dom-helpers@https://registry.npmjs.org/dom-helpers/-/dom-helpers-5.2.1.tgz 0ms (cache hit)
296 http cache d3-timer@https://registry.npmjs.org/d3-timer/-/d3-timer-3.0.1.tgz 0ms (cache hit)
297 http cache d3-transition@https://registry.npmjs.org/d3-transition/-/d3-transition-3.0.1.tgz 0ms (cache hit)
298 http cache d3-time-format@https://registry.npmjs.org/d3-time-format/-/d3-time-format-4.1.0.tgz 0ms (cache hit)
299 http cache d3-time@https://registry.npmjs.org/d3-time/-/d3-time-3.1.0.tgz 0ms (cache hit)
300 http cache d3-shape@https://registry.npmjs.org/d3-shape/-/d3-shape-3.2.0.tgz 0ms (cache hit)
301 http cache d3-selection@https://registry.npmjs.org/d3-selection/-/d3-selection-3.0.0.tgz 0ms (cache hit)
302 http cache debug@https://registry.npmjs.org/debug/-/debug-4.4.3.tgz 0ms (cache hit)
303 http cache d3-scale@https://registry.npmjs.org/d3-scale/-/d3-scale-4.0.2.tgz 0ms (cache hit)
304 http cache decimal.js-light@https://registry.npmjs.org/decimal.js-light/-/decimal.js-light-2.5.1.tgz 0ms (cache hit)
305 http cache d3-path@https://registry.npmjs.org/d3-path/-/d3-path-3.1.0.tgz 0ms (cache hit)
306 http cache d3-format@https://registry.npmjs.org/d3-format/-/d3-format-3.1.2.tgz 0ms (cache hit)
307 http cache d3-ease@https://registry.npmjs.org/d3-ease/-/d3-ease-3.0.1.tgz 0ms (cache hit)
308 http cache d3-interpolate@https://registry.npmjs.org/d3-interpolate/-/d3-interpolate-3.0.1.tgz 0ms (cache hit)
309 http cache d3-array@https://registry.npmjs.org/d3-array/-/d3-array-3.2.4.tgz 0ms (cache hit)
310 http cache d3-dispatch@https://registry.npmjs.org/d3-dispatch/-/d3-dispatch-3.0.1.tgz 0ms (cache hit)
311 http cache d3-color@https://registry.npmjs.org/d3-color/-/d3-color-3.1.0.tgz 0ms (cache hit)
312 http cache cssesc@https://registry.npmjs.org/cssesc/-/cssesc-3.0.0.tgz 0ms (cache hit)
313 http cache csstype@https://registry.npmjs.org/csstype/-/csstype-3.2.3.tgz 0ms (cache hit)
314 http cache d3-drag@https://registry.npmjs.org/d3-drag/-/d3-drag-3.0.0.tgz 0ms (cache hit)
315 http cache csso@https://registry.npmjs.org/csso/-/csso-5.0.5.tgz 0ms (cache hit)
316 http cache css-what@https://registry.npmjs.org/css-what/-/css-what-6.2.2.tgz 0ms (cache hit)
317 http cache css-select@https://registry.npmjs.org/css-select/-/css-select-5.2.2.tgz 0ms (cache hit)
318 http cache crossws@https://registry.npmjs.org/crossws/-/crossws-0.3.5.tgz 0ms (cache hit)
319 http cache cookie@https://registry.npmjs.org/cookie/-/cookie-1.1.1.tgz 0ms (cache hit)
320 http cache css-tree@https://registry.npmjs.org/css-tree/-/css-tree-3.2.1.tgz 0ms (cache hit)
321 http cache cookie-es@https://registry.npmjs.org/cookie-es/-/cookie-es-1.2.3.tgz 0ms (cache hit)
322 http cache convert-source-map@https://registry.npmjs.org/convert-source-map/-/convert-source-map-2.0.0.tgz 0ms (cache hit)
323 http cache common-ancestor-path@https://registry.npmjs.org/common-ancestor-path/-/common-ancestor-path-1.0.1.tgz 0ms (cache hit)
324 http cache comma-separated-tokens@https://registry.npmjs.org/comma-separated-tokens/-/comma-separated-tokens-2.0.3.tgz 0ms (cache hit)
325 http cache clsx@https://registry.npmjs.org/clsx/-/clsx-2.1.1.tgz 0ms (cache hit)
326 http cache classcat@https://registry.npmjs.org/classcat/-/classcat-5.0.5.tgz 0ms (cache hit)
327 http cache commander@https://registry.npmjs.org/commander/-/commander-11.1.0.tgz 0ms (cache hit)
328 http cache cli-boxes@https://registry.npmjs.org/cli-boxes/-/cli-boxes-3.0.0.tgz 0ms (cache hit)
329 http cache chokidar@https://registry.npmjs.org/chokidar/-/chokidar-5.0.0.tgz 0ms (cache hit)
330 http cache ci-info@https://registry.npmjs.org/ci-info/-/ci-info-4.4.0.tgz 0ms (cache hit)
331 http cache character-entities@https://registry.npmjs.org/character-entities/-/character-entities-2.0.2.tgz 0ms (cache hit)
332 http cache character-entities-legacy@https://registry.npmjs.org/character-entities-legacy/-/character-entities-legacy-3.0.0.tgz 0ms (cache hit)
333 http cache character-entities-html4@https://registry.npmjs.org/character-entities-html4/-/character-entities-html4-2.1.0.tgz 0ms (cache hit)
334 http cache ccount@https://registry.npmjs.org/ccount/-/ccount-2.0.1.tgz 0ms (cache hit)
335 http cache chalk@https://registry.npmjs.org/chalk/-/chalk-5.6.2.tgz 0ms (cache hit)
336 http cache camelcase-css@https://registry.npmjs.org/camelcase-css/-/camelcase-css-2.0.1.tgz 0ms (cache hit)
337 http cache browserslist@https://registry.npmjs.org/browserslist/-/browserslist-4.28.2.tgz 0ms (cache hit)
338 http cache camelcase@https://registry.npmjs.org/camelcase/-/camelcase-8.0.0.tgz 0ms (cache hit)
339 http cache caniuse-lite@https://registry.npmjs.org/caniuse-lite/-/caniuse-lite-1.0.30001784.tgz 0ms (cache hit)
340 http cache braces@https://registry.npmjs.org/braces/-/braces-3.0.3.tgz 0ms (cache hit)
341 http cache boolbase@https://registry.npmjs.org/boolbase/-/boolbase-1.0.0.tgz 0ms (cache hit)
342 http cache boxen@https://registry.npmjs.org/boxen/-/boxen-8.0.1.tgz 0ms (cache hit)
343 http cache binary-extensions@https://registry.npmjs.org/binary-extensions/-/binary-extensions-2.3.0.tgz 0ms (cache hit)
344 http cache baseline-browser-mapping@https://registry.npmjs.org/baseline-browser-mapping/-/baseline-browser-mapping-2.10.13.tgz 0ms (cache hit)
345 http cache base-64@https://registry.npmjs.org/base-64/-/base-64-1.0.0.tgz 0ms (cache hit)
346 http cache bail@https://registry.npmjs.org/bail/-/bail-2.0.2.tgz 0ms (cache hit)
347 http cache astro@https://registry.npmjs.org/astro/-/astro-5.18.1.tgz 0ms (cache hit)
348 http cache array-iterate@https://registry.npmjs.org/array-iterate/-/array-iterate-2.0.1.tgz 0ms (cache hit)
349 http cache autoprefixer@https://registry.npmjs.org/autoprefixer/-/autoprefixer-10.4.27.tgz 0ms (cache hit)
350 http cache axobject-query@https://registry.npmjs.org/axobject-query/-/axobject-query-4.1.0.tgz 0ms (cache hit)
351 http cache aria-query@https://registry.npmjs.org/aria-query/-/aria-query-5.3.2.tgz 0ms (cache hit)
352 http cache anymatch@https://registry.npmjs.org/anymatch/-/anymatch-3.1.3.tgz 0ms (cache hit)
353 http cache ansi-styles@https://registry.npmjs.org/ansi-styles/-/ansi-styles-6.2.3.tgz 0ms (cache hit)
354 http cache argparse@https://registry.npmjs.org/argparse/-/argparse-2.0.1.tgz 0ms (cache hit)
355 http cache arg@https://registry.npmjs.org/arg/-/arg-5.0.2.tgz 0ms (cache hit)
356 http cache any-promise@https://registry.npmjs.org/any-promise/-/any-promise-1.3.0.tgz 0ms (cache hit)
357 http cache @vitejs/plugin-react@https://registry.npmjs.org/@vitejs/plugin-react/-/plugin-react-4.7.0.tgz 0ms (cache hit)
358 http cache ansi-align@https://registry.npmjs.org/ansi-align/-/ansi-align-3.0.1.tgz 0ms (cache hit)
359 http cache @ungap/structured-clone@https://registry.npmjs.org/@ungap/structured-clone/-/structured-clone-1.3.0.tgz 0ms (cache hit)
360 http cache ansi-regex@https://registry.npmjs.org/ansi-regex/-/ansi-regex-6.2.2.tgz 0ms (cache hit)
361 http cache acorn@https://registry.npmjs.org/acorn/-/acorn-8.16.0.tgz 0ms (cache hit)
362 http cache @types/unist@https://registry.npmjs.org/@types/unist/-/unist-3.0.3.tgz 1ms (cache hit)
363 http cache @types/prop-types@https://registry.npmjs.org/@types/prop-types/-/prop-types-15.7.15.tgz 0ms (cache hit)
364 http cache @types/react-dom@https://registry.npmjs.org/@types/react-dom/-/react-dom-18.3.7.tgz 0ms (cache hit)
365 http cache @types/react@https://registry.npmjs.org/@types/react/-/react-18.3.28.tgz 0ms (cache hit)
366 http cache @types/nlcst@https://registry.npmjs.org/@types/nlcst/-/nlcst-2.0.3.tgz 0ms (cache hit)
367 http cache @types/mdast@https://registry.npmjs.org/@types/mdast/-/mdast-4.0.4.tgz 0ms (cache hit)
368 http cache @types/hast@https://registry.npmjs.org/@types/hast/-/hast-3.0.4.tgz 0ms (cache hit)
369 http cache @types/ms@https://registry.npmjs.org/@types/ms/-/ms-2.1.0.tgz 0ms (cache hit)
370 http cache @types/geojson@https://registry.npmjs.org/@types/geojson/-/geojson-7946.0.16.tgz 0ms (cache hit)
371 http cache @types/d3-zoom@https://registry.npmjs.org/@types/d3-zoom/-/d3-zoom-3.0.8.tgz 0ms (cache hit)
372 http cache @types/estree@https://registry.npmjs.org/@types/estree/-/estree-1.0.8.tgz 0ms (cache hit)
373 http cache @types/debug@https://registry.npmjs.org/@types/debug/-/debug-4.1.13.tgz 0ms (cache hit)
374 http cache @types/d3-transition@https://registry.npmjs.org/@types/d3-transition/-/d3-transition-3.0.9.tgz 0ms (cache hit)
375 http cache @types/d3-timer@https://registry.npmjs.org/@types/d3-timer/-/d3-timer-3.0.2.tgz 0ms (cache hit)
376 http cache @types/d3-time@https://registry.npmjs.org/@types/d3-time/-/d3-time-3.0.4.tgz 0ms (cache hit)
377 http cache @types/d3-time-format@https://registry.npmjs.org/@types/d3-time-format/-/d3-time-format-4.0.3.tgz 0ms (cache hit)
378 http cache @types/d3-shape@https://registry.npmjs.org/@types/d3-shape/-/d3-shape-3.1.8.tgz 0ms (cache hit)
379 http cache @types/d3-selection@https://registry.npmjs.org/@types/d3-selection/-/d3-selection-3.0.11.tgz 0ms (cache hit)
380 http cache @types/d3-scale-chromatic@https://registry.npmjs.org/@types/d3-scale-chromatic/-/d3-scale-chromatic-3.1.0.tgz 0ms (cache hit)
381 http cache @types/d3-scale@https://registry.npmjs.org/@types/d3-scale/-/d3-scale-4.0.9.tgz 0ms (cache hit)
382 http cache @types/d3-random@https://registry.npmjs.org/@types/d3-random/-/d3-random-3.0.3.tgz 0ms (cache hit)
383 http cache @types/d3-quadtree@https://registry.npmjs.org/@types/d3-quadtree/-/d3-quadtree-3.0.6.tgz 0ms (cache hit)
384 http cache @types/d3-path@https://registry.npmjs.org/@types/d3-path/-/d3-path-3.1.1.tgz 0ms (cache hit)
385 http cache @types/d3-polygon@https://registry.npmjs.org/@types/d3-polygon/-/d3-polygon-3.0.2.tgz 0ms (cache hit)
386 http cache @types/d3-hierarchy@https://registry.npmjs.org/@types/d3-hierarchy/-/d3-hierarchy-3.1.7.tgz 0ms (cache hit)
387 http cache @types/d3-geo@https://registry.npmjs.org/@types/d3-geo/-/d3-geo-3.1.0.tgz 0ms (cache hit)
388 http cache @types/d3-format@https://registry.npmjs.org/@types/d3-format/-/d3-format-3.0.4.tgz 0ms (cache hit)
389 http cache @types/d3-fetch@https://registry.npmjs.org/@types/d3-fetch/-/d3-fetch-3.0.7.tgz 0ms (cache hit)
390 http cache @types/d3-interpolate@https://registry.npmjs.org/@types/d3-interpolate/-/d3-interpolate-3.0.4.tgz 0ms (cache hit)
391 http cache @types/d3-force@https://registry.npmjs.org/@types/d3-force/-/d3-force-3.0.10.tgz 0ms (cache hit)
392 http cache @types/d3-dsv@https://registry.npmjs.org/@types/d3-dsv/-/d3-dsv-3.0.7.tgz 0ms (cache hit)
393 http cache @types/d3-ease@https://registry.npmjs.org/@types/d3-ease/-/d3-ease-3.0.2.tgz 0ms (cache hit)
394 http cache @types/d3-delaunay@https://registry.npmjs.org/@types/d3-delaunay/-/d3-delaunay-6.0.4.tgz 0ms (cache hit)
395 http cache @types/d3-dispatch@https://registry.npmjs.org/@types/d3-dispatch/-/d3-dispatch-3.0.7.tgz 0ms (cache hit)
396 http cache @types/d3-color@https://registry.npmjs.org/@types/d3-color/-/d3-color-3.1.3.tgz 0ms (cache hit)
397 http cache @types/d3-contour@https://registry.npmjs.org/@types/d3-contour/-/d3-contour-3.0.6.tgz 0ms (cache hit)
398 http cache @types/d3-drag@https://registry.npmjs.org/@types/d3-drag/-/d3-drag-3.0.7.tgz 0ms (cache hit)
399 http cache @types/d3-brush@https://registry.npmjs.org/@types/d3-brush/-/d3-brush-3.0.6.tgz 0ms (cache hit)
400 http cache @types/d3-chord@https://registry.npmjs.org/@types/d3-chord/-/d3-chord-3.0.6.tgz 0ms (cache hit)
401 http cache @types/d3-axis@https://registry.npmjs.org/@types/d3-axis/-/d3-axis-3.0.6.tgz 0ms (cache hit)
402 http cache @types/d3@https://registry.npmjs.org/@types/d3/-/d3-7.4.3.tgz 0ms (cache hit)
403 http cache @types/d3-array@https://registry.npmjs.org/@types/d3-array/-/d3-array-3.2.2.tgz 0ms (cache hit)
404 http cache @types/babel__core@https://registry.npmjs.org/@types/babel__core/-/babel__core-7.20.5.tgz 0ms (cache hit)
405 http cache @types/babel__traverse@https://registry.npmjs.org/@types/babel__traverse/-/babel__traverse-7.28.0.tgz 0ms (cache hit)
406 http cache @types/babel__template@https://registry.npmjs.org/@types/babel__template/-/babel__template-7.4.4.tgz 0ms (cache hit)
407 http cache @shikijs/vscode-textmate@https://registry.npmjs.org/@shikijs/vscode-textmate/-/vscode-textmate-10.0.2.tgz 0ms (cache hit)
408 http cache @types/babel__generator@https://registry.npmjs.org/@types/babel__generator/-/babel__generator-7.27.0.tgz 0ms (cache hit)
409 http cache @shikijs/langs@https://registry.npmjs.org/@shikijs/langs/-/langs-3.23.0.tgz 0ms (cache hit)
410 http cache @shikijs/themes@https://registry.npmjs.org/@shikijs/themes/-/themes-3.23.0.tgz 0ms (cache hit)
411 http cache @shikijs/types@https://registry.npmjs.org/@shikijs/types/-/types-3.23.0.tgz 0ms (cache hit)
412 http cache @shikijs/engine-oniguruma@https://registry.npmjs.org/@shikijs/engine-oniguruma/-/engine-oniguruma-3.23.0.tgz 0ms (cache hit)
413 http cache @shikijs/engine-javascript@https://registry.npmjs.org/@shikijs/engine-javascript/-/engine-javascript-3.23.0.tgz 0ms (cache hit)
414 http cache @shikijs/core@https://registry.npmjs.org/@shikijs/core/-/core-3.23.0.tgz 0ms (cache hit)
415 http cache @rollup/rollup-win32-x64-msvc@https://registry.npmjs.org/@rollup/rollup-win32-x64-msvc/-/rollup-win32-x64-msvc-4.60.1.tgz 0ms (cache hit)
416 http cache @rollup/rollup-win32-x64-gnu@https://registry.npmjs.org/@rollup/rollup-win32-x64-gnu/-/rollup-win32-x64-gnu-4.60.1.tgz 0ms (cache hit)
417 http cache @rollup/pluginutils@https://registry.npmjs.org/@rollup/pluginutils/-/pluginutils-5.3.0.tgz 0ms (cache hit)
418 http cache @reactflow/node-toolbar@https://registry.npmjs.org/@reactflow/node-toolbar/-/node-toolbar-1.3.14.tgz 0ms (cache hit)
419 http cache @reactflow/minimap@https://registry.npmjs.org/@reactflow/minimap/-/minimap-11.7.14.tgz 0ms (cache hit)
420 http cache @reactflow/node-resizer@https://registry.npmjs.org/@reactflow/node-resizer/-/node-resizer-2.2.14.tgz 0ms (cache hit)
421 http cache @rolldown/pluginutils@https://registry.npmjs.org/@rolldown/pluginutils/-/pluginutils-1.0.0-beta.27.tgz 0ms (cache hit)
422 http cache @reactflow/controls@https://registry.npmjs.org/@reactflow/controls/-/controls-11.2.14.tgz 0ms (cache hit)
423 http cache @reactflow/core@https://registry.npmjs.org/@reactflow/core/-/core-11.11.4.tgz 0ms (cache hit)
424 http cache @oslojs/encoding@https://registry.npmjs.org/@oslojs/encoding/-/encoding-1.1.0.tgz 0ms (cache hit)
425 http cache @reactflow/background@https://registry.npmjs.org/@reactflow/background/-/background-11.3.14.tgz 0ms (cache hit)
426 http cache @nanostores/react@https://registry.npmjs.org/@nanostores/react/-/react-1.1.0.tgz 0ms (cache hit)
427 http cache @nodelib/fs.walk@https://registry.npmjs.org/@nodelib/fs.walk/-/fs.walk-1.2.8.tgz 0ms (cache hit)
428 http cache @nodelib/fs.stat@https://registry.npmjs.org/@nodelib/fs.stat/-/fs.stat-2.0.5.tgz 0ms (cache hit)
429 http cache @nodelib/fs.scandir@https://registry.npmjs.org/@nodelib/fs.scandir/-/fs.scandir-2.1.5.tgz 0ms (cache hit)
430 http cache @jridgewell/trace-mapping@https://registry.npmjs.org/@jridgewell/trace-mapping/-/trace-mapping-0.3.31.tgz 0ms (cache hit)
431 http cache @jridgewell/sourcemap-codec@https://registry.npmjs.org/@jridgewell/sourcemap-codec/-/sourcemap-codec-1.5.5.tgz 0ms (cache hit)
432 http cache @jridgewell/resolve-uri@https://registry.npmjs.org/@jridgewell/resolve-uri/-/resolve-uri-3.1.2.tgz 0ms (cache hit)
433 http cache @img/colour@https://registry.npmjs.org/@img/colour/-/colour-1.1.0.tgz 0ms (cache hit)
434 http cache @img/sharp-win32-x64@https://registry.npmjs.org/@img/sharp-win32-x64/-/sharp-win32-x64-0.34.5.tgz 0ms (cache hit)
435 http cache @jridgewell/gen-mapping@https://registry.npmjs.org/@jridgewell/gen-mapping/-/gen-mapping-0.3.13.tgz 0ms (cache hit)
436 http cache @jridgewell/remapping@https://registry.npmjs.org/@jridgewell/remapping/-/remapping-2.3.5.tgz 0ms (cache hit)
437 http cache @capsizecss/unpack@https://registry.npmjs.org/@capsizecss/unpack/-/unpack-4.0.0.tgz 0ms (cache hit)
438 http cache @esbuild/win32-x64@https://registry.npmjs.org/@esbuild/win32-x64/-/win32-x64-0.27.5.tgz 0ms (cache hit)
439 http cache @babel/template@https://registry.npmjs.org/@babel/template/-/template-7.28.6.tgz 0ms (cache hit)
440 http cache @babel/types@https://registry.npmjs.org/@babel/types/-/types-7.29.0.tgz 0ms (cache hit)
441 http cache @babel/runtime@https://registry.npmjs.org/@babel/runtime/-/runtime-7.29.2.tgz 0ms (cache hit)
442 http cache @babel/plugin-transform-react-jsx-source@https://registry.npmjs.org/@babel/plugin-transform-react-jsx-source/-/plugin-transform-react-jsx-source-7.27.1.tgz 0ms (cache hit)
443 http cache @babel/traverse@https://registry.npmjs.org/@babel/traverse/-/traverse-7.29.0.tgz 0ms (cache hit)
444 http cache @babel/helpers@https://registry.npmjs.org/@babel/helpers/-/helpers-7.29.2.tgz 0ms (cache hit)
445 http cache @babel/plugin-transform-react-jsx-self@https://registry.npmjs.org/@babel/plugin-transform-react-jsx-self/-/plugin-transform-react-jsx-self-7.27.1.tgz 0ms (cache hit)
446 http cache @babel/parser@https://registry.npmjs.org/@babel/parser/-/parser-7.29.2.tgz 0ms (cache hit)
447 http cache @babel/helper-validator-option@https://registry.npmjs.org/@babel/helper-validator-option/-/helper-validator-option-7.27.1.tgz 0ms (cache hit)
448 http cache @babel/helper-validator-identifier@https://registry.npmjs.org/@babel/helper-validator-identifier/-/helper-validator-identifier-7.28.5.tgz 0ms (cache hit)
449 http cache @babel/helper-string-parser@https://registry.npmjs.org/@babel/helper-string-parser/-/helper-string-parser-7.27.1.tgz 0ms (cache hit)
450 http cache @babel/helper-plugin-utils@https://registry.npmjs.org/@babel/helper-plugin-utils/-/helper-plugin-utils-7.28.6.tgz 0ms (cache hit)
451 http cache @babel/helper-globals@https://registry.npmjs.org/@babel/helper-globals/-/helper-globals-7.28.0.tgz 0ms (cache hit)
452 http cache @babel/helper-module-transforms@https://registry.npmjs.org/@babel/helper-module-transforms/-/helper-module-transforms-7.28.6.tgz 0ms (cache hit)
453 http cache @babel/helper-compilation-targets@https://registry.npmjs.org/@babel/helper-compilation-targets/-/helper-compilation-targets-7.28.6.tgz 0ms (cache hit)
454 http cache @babel/helper-module-imports@https://registry.npmjs.org/@babel/helper-module-imports/-/helper-module-imports-7.28.6.tgz 0ms (cache hit)
455 http cache @babel/generator@https://registry.npmjs.org/@babel/generator/-/generator-7.29.1.tgz 0ms (cache hit)
456 http cache @babel/compat-data@https://registry.npmjs.org/@babel/compat-data/-/compat-data-7.29.0.tgz 0ms (cache hit)
457 http cache @babel/code-frame@https://registry.npmjs.org/@babel/code-frame/-/code-frame-7.29.0.tgz 0ms (cache hit)
458 http cache @astrojs/telemetry@https://registry.npmjs.org/@astrojs/telemetry/-/telemetry-3.3.0.tgz 0ms (cache hit)
459 http cache @astrojs/tailwind@https://registry.npmjs.org/@astrojs/tailwind/-/tailwind-5.1.5.tgz 0ms (cache hit)
460 http cache @babel/core@https://registry.npmjs.org/@babel/core/-/core-7.29.0.tgz 0ms (cache hit)
461 http cache @astrojs/markdown-remark@https://registry.npmjs.org/@astrojs/markdown-remark/-/markdown-remark-6.3.11.tgz 0ms (cache hit)
462 http cache @astrojs/react@https://registry.npmjs.org/@astrojs/react/-/react-4.4.2.tgz 0ms (cache hit)
463 http cache @astrojs/compiler@https://registry.npmjs.org/@astrojs/compiler/-/compiler-2.13.1.tgz 0ms (cache hit)
464 http cache @astrojs/prism@https://registry.npmjs.org/@astrojs/prism/-/prism-3.3.0.tgz 0ms (cache hit)
465 http cache @alloc/quick-lru@https://registry.npmjs.org/@alloc/quick-lru/-/quick-lru-5.2.0.tgz 1ms (cache hit)
466 http cache lru-cache@https://registry.npmjs.org/lru-cache/-/lru-cache-11.2.7.tgz 0ms (cache hit)
467 http cache esbuild@https://registry.npmjs.org/esbuild/-/esbuild-0.25.12.tgz 0ms (cache hit)
468 http cache @astrojs/internal-helpers@https://registry.npmjs.org/@astrojs/internal-helpers/-/internal-helpers-0.7.6.tgz 0ms (cache hit)
469 http cache readdirp@https://registry.npmjs.org/readdirp/-/readdirp-3.6.0.tgz 0ms (cache hit)
470 http cache @esbuild/win32-x64@https://registry.npmjs.org/@esbuild/win32-x64/-/win32-x64-0.25.12.tgz 0ms (cache hit)
471 http cache glob-parent@https://registry.npmjs.org/glob-parent/-/glob-parent-5.1.2.tgz 0ms (cache hit)
472 http cache commander@https://registry.npmjs.org/commander/-/commander-4.1.1.tgz 0ms (cache hit)
473 http cache picomatch@https://registry.npmjs.org/picomatch/-/picomatch-2.3.2.tgz 0ms (cache hit)
474 http cache jiti@https://registry.npmjs.org/jiti/-/jiti-1.21.7.tgz 0ms (cache hit)
475 http cache chokidar@https://registry.npmjs.org/chokidar/-/chokidar-3.6.0.tgz 0ms (cache hit)
476 http cache eventemitter3@https://registry.npmjs.org/eventemitter3/-/eventemitter3-4.0.7.tgz 0ms (cache hit)
477 http cache react-is@https://registry.npmjs.org/react-is/-/react-is-16.13.1.tgz 0ms (cache hit)
478 http cache semver@https://registry.npmjs.org/semver/-/semver-7.7.4.tgz 0ms (cache hit)
479 http cache picomatch@https://registry.npmjs.org/picomatch/-/picomatch-2.3.2.tgz 0ms (cache hit)
480 http cache kleur@https://registry.npmjs.org/kleur/-/kleur-3.0.3.tgz 0ms (cache hit)
481 http cache entities@https://registry.npmjs.org/entities/-/entities-6.0.1.tgz 1ms (cache hit)
482 http cache glob-parent@https://registry.npmjs.org/glob-parent/-/glob-parent-5.1.2.tgz 0ms (cache hit)
483 http cache entities@https://registry.npmjs.org/entities/-/entities-4.5.0.tgz 0ms (cache hit)
484 http cache mdn-data@https://registry.npmjs.org/mdn-data/-/mdn-data-2.0.28.tgz 0ms (cache hit)
485 http cache estree-walker@https://registry.npmjs.org/estree-walker/-/estree-walker-3.0.3.tgz 0ms (cache hit)
486 http cache picomatch@https://registry.npmjs.org/picomatch/-/picomatch-2.3.2.tgz 0ms (cache hit)
487 http cache css-tree@https://registry.npmjs.org/css-tree/-/css-tree-2.2.1.tgz 0ms (cache hit)
488 http cache semver@https://registry.npmjs.org/semver/-/semver-7.7.4.tgz 0ms (cache hit)
489 http cache strip-ansi@https://registry.npmjs.org/strip-ansi/-/strip-ansi-6.0.1.tgz 0ms (cache hit)
490 silly tarball no local data for typescript@https://registry.npmjs.org/typescript/-/typescript-5.9.3.tgz. Extracting by manifest.
491 http cache string-width@https://registry.npmjs.org/string-width/-/string-width-4.2.3.tgz 0ms (cache hit)
492 http cache emoji-regex@https://registry.npmjs.org/emoji-regex/-/emoji-regex-8.0.0.tgz 0ms (cache hit)
493 http cache ansi-regex@https://registry.npmjs.org/ansi-regex/-/ansi-regex-5.0.1.tgz 0ms (cache hit)
494 silly tarball no local data for d3-shape@https://registry.npmjs.org/d3-shape/-/d3-shape-3.2.0.tgz. Extracting by manifest.
495 http fetch POST 200 https://registry.npmjs.org/-/npm/v1/security/advisories/bulk 2780ms
496 silly audit report {
496 silly audit report   '@babel/core': [
496 silly audit report     {
496 silly audit report       id: 1123528,
496 silly audit report       url: 'https://github.com/advisories/GHSA-4x5r-pxfx-6jf8',
496 silly audit report       title: '@babel/core: Arbitrary File Read via sourceMappingURL Comment',
496 silly audit report       severity: 'low',
496 silly audit report       vulnerable_versions: '<=7.29.0',
496 silly audit report       cwe: [Array],
496 silly audit report       cvss: [Object]
496 silly audit report     }
496 silly audit report   ],
496 silly audit report   astro: [
496 silly audit report     {
496 silly audit report       id: 1118920,
496 silly audit report       url: 'https://github.com/advisories/GHSA-xr5h-phrj-8vxv',
496 silly audit report       title: 'Astro: Server island encrypted parameters vulnerable to cross-component replay',
496 silly audit report       severity: 'low',
496 silly audit report       vulnerable_versions: '<6.1.10',
496 silly audit report       cwe: [Array],
496 silly audit report       cvss: [Object]
496 silly audit report     },
496 silly audit report     {
496 silly audit report       id: 1120917,
496 silly audit report       url: 'https://github.com/advisories/GHSA-2pvr-wf23-7pc7',
496 silly audit report       title: 'Astro: Host header SSRF in prerendered error page fetch',
496 silly audit report       severity: 'high',
496 silly audit report       vulnerable_versions: '<6.4.6',
496 silly audit report       cwe: [Array],
496 silly audit report       cvss: [Object]
496 silly audit report     },
496 silly audit report     {
496 silly audit report       id: 1120912,
496 silly audit report       url: 'https://github.com/advisories/GHSA-8hv8-536x-4wqp',
496 silly audit report       title: 'Astro: Reflected XSS via unescaped slot name',
496 silly audit report       severity: 'high',
496 silly audit report       vulnerable_versions: '<6.3.3',
496 silly audit report       cwe: [Array],
496 silly audit report       cvss: [Object]
496 silly audit report     },
496 silly audit report     {
496 silly audit report       id: 1117141,
496 silly audit report       url: 'https://github.com/advisories/GHSA-j687-52p2-xcff',
496 silly audit report       title: 'Astro: XSS in define:vars via incomplete </script> tag sanitization',
496 silly audit report       severity: 'moderate',
496 silly audit report       vulnerable_versions: '<6.1.6',
496 silly audit report       cwe: [Array],
496 silly audit report       cvss: [Object]
496 silly audit report     },
496 silly audit report     {
496 silly audit report       id: 1123700,
496 silly audit report       url: 'https://github.com/advisories/GHSA-jrpj-wcv7-9fh9',
496 silly audit report       title: 'Astro: XSS via Unescaped Attribute Names in Spread Props',
496 silly audit report       severity: 'moderate',
496 silly audit report       vulnerable_versions: '<6.4.6',
496 silly audit report       cwe: [Array],
496 silly audit report       cvss: [Object]
496 silly audit report     },
496 silly audit report     {
496 silly audit report       id: 1123899,
496 silly audit report       url: 'https://github.com/advisories/GHSA-4g3v-8h47-v7g6',
496 silly audit report       title: 'Astro: Reflected XSS via unescaped View Transition animation properties',
496 silly audit report       severity: 'moderate',
496 silly audit report       vulnerable_versions: '>=2.9.0 <=7.0.9',
496 silly audit report       cwe: [Array],
496 silly audit report       cvss: [Object]
496 silly audit report     },
496 silly audit report     {
496 silly audit report       id: 1123979,
496 silly audit report       url: 'https://github.com/advisories/GHSA-f48w-9m4c-m7f5',
496 silly audit report       title: 'Astro: XSS via unescaped spread attribute names in renderHTMLElement (incomplete fix for CVE-2026-54298)',
496 silly audit report       severity: 'moderate',
496 silly audit report       vulnerable_versions: '<7.0.6',
496 silly audit report       cwe: [Array],
496 silly audit report       cvss: [Object]
496 silly audit report     },
496 silly audit report     {
496 silly audit report       id: 1123981,
496 silly audit report       url: 'https://github.com/advisories/GHSA-7pw4-f3q4-r2p2',
496 silly audit report       title: 'Astro: Cross-site scripting via unescaped transition:* directive values on hydrated islands',
496 silly audit report       severity: 'low',
496 silly audit report       vulnerable_versions: '>=3.10.0 <7.0.4',
496 silly audit report       cwe: [Array],
496 silly audit report       cvss: [Object]
496 silly audit report     }
496 silly audit report   ],
496 silly audit report   devalue: [
496 silly audit report     {
496 silly audit report       id: 1120448,
496 silly audit report       url: 'https://github.com/advisories/GHSA-77vg-94rm-hx3p',
496 silly audit report       title: 'Svelte devalue: DoS via sparse array deserialization',
496 silly audit report       severity: 'high',
496 silly audit report       vulnerable_versions: '>=5.6.3 <=5.8.0',
496 silly audit report       cwe: [Array],
496 silly audit report       cvss: [Object]
496 silly audit report     }
496 silly audit report   ],
496 silly audit report   esbuild: [
496 silly audit report     {
496 silly audit report       id: 1120680,
496 silly audit report       url: 'https://github.com/advisories/GHSA-g7r4-m6w7-qqqr',
496 silly audit report       title: 'esbuild allows arbitrary file read when running the development server on Windows',
496 silly audit report       severity: 'low',
496 silly audit report       vulnerable_versions: '>=0.27.3 <0.28.1',
496 silly audit report       cwe: [Array],
496 silly audit report       cvss: [Object]
496 silly audit report     }
496 silly audit report   ],
496 silly audit report   'js-yaml': [
496 silly audit report     {
496 silly audit report       id: 1121860,
496 silly audit report       url: 'https://github.com/advisories/GHSA-h67p-54hq-rp68',
496 silly audit report       title: 'JS-YAML: Quadratic-complexity DoS in merge key handling via repeated aliases',
496 silly audit report       severity: 'moderate',
496 silly audit report       vulnerable_versions: '>=4.0.0 <=4.1.1',
496 silly audit report       cwe: [Array],
496 silly audit report       cvss: [Object]
496 silly audit report     },
496 silly audit report     {
496 silly audit report       id: 1123911,
496 silly audit report       url: 'https://github.com/advisories/GHSA-52cp-r559-cp3m',
496 silly audit report       title: 'js-yaml: YAML merge-key chains can force quadratic CPU consumption',
496 silly audit report       severity: 'high',
496 silly audit report       vulnerable_versions: '>=4.0.0 <4.3.0',
496 silly audit report       cwe: [Array],
496 silly audit report       cvss: [Object]
496 silly audit report     }
496 silly audit report   ],
496 silly audit report   postcss: [
496 silly audit report     {
496 silly audit report       id: 1130709,
496 silly audit report       url: 'https://github.com/advisories/GHSA-fxqj-rqcc-2cmp',
496 silly audit report       title: 'PostCSS: incomplete fix of GHSA-6g55-p6wh-862q — attacker-controlled sourceMappingURL reads arbitrary .map files when `from` is unset',
496 silly audit report       severity: 'moderate',
496 silly audit report       vulnerable_versions: '<=8.5.22',
496 silly audit report       cwe: [Array],
496 silly audit report       cvss: [Object]
496 silly audit report     },
496 silly audit report     {
496 silly audit report       id: 1117015,
496 silly audit report       url: 'https://github.com/advisories/GHSA-qx2v-qp2m-jg93',
496 silly audit report       title: 'PostCSS has XSS via Unescaped </style> in its CSS Stringify Output',
496 silly audit report       severity: 'moderate',
496 silly audit report       vulnerable_versions: '<8.5.10',
496 silly audit report       cwe: [Array],
496 silly audit report       cvss: [Object]
496 silly audit report     },
496 silly audit report     {
496 silly audit report       id: 1124252,
496 silly audit report       url: 'https://github.com/advisories/GHSA-6g55-p6wh-862q',
496 silly audit report       title: 'PostCSS: Arbitrary file read and information disclosure via attacker-controlled sourceMappingURL in CSS comments',
496 silly audit report       severity: 'high',
496 silly audit report       vulnerable_versions: '<=8.5.11',
496 silly audit report       cwe: [Array],
496 silly audit report       cvss: [Object]
496 silly audit report     },
496 silly audit report     {
496 silly audit report       id: 1124288,
496 silly audit report       url: 'https://github.com/advisories/GHSA-r28c-9q8g-f849',
496 silly audit report       title: 'PostCSS: Path Traversal in Previous Source Map Auto-Loading (sourceMappingURL) leads to Arbitrary .map File Disclosure',
496 silly audit report       severity: 'high',
496 silly audit report       vulnerable_versions: '<=8.5.17',
496 silly audit report       cwe: [Array],
496 silly audit report       cvss: [Object]
496 silly audit report     }
496 silly audit report   ],
496 silly audit report   sharp: [
496 silly audit report     {
496 silly audit report       id: 1124066,
496 silly audit report       url: 'https://github.com/advisories/GHSA-f88m-g3jw-g9cj',
496 silly audit report       title: 'sharp inherited vulnerabilities in libvips: CVE-2026-33327, CVE-2026-33328, CVE-2026-35590, CVE-2026-35591',
496 silly audit report       severity: 'high',
496 silly audit report       vulnerable_versions: '<0.35.0',
496 silly audit report       cwe: [Array],
496 silly audit report       cvss: [Object]
496 silly audit report     }
496 silly audit report   ],
496 silly audit report   svgo: [
496 silly audit report     {
496 silly audit report       id: 1124019,
496 silly audit report       url: 'https://github.com/advisories/GHSA-2p49-hgcm-8545',
496 silly audit report       title: 'SVGO removeScripts plugin leaves some executable scripts intact',
496 silly audit report       severity: 'high',
496 silly audit report       vulnerable_versions: '>=4.0.0 <4.0.2',
496 silly audit report       cwe: [Array],
496 silly audit report       cvss: [Object]
496 silly audit report     }
496 silly audit report   ],
496 silly audit report   vite: [
496 silly audit report     {
496 silly audit report       id: 1120784,
496 silly audit report       url: 'https://github.com/advisories/GHSA-v6wh-96g9-6wx3',
496 silly audit report       title: 'launch-editor: NTLMv2 hash disclosure via UNC path handling on Windows',
496 silly audit report       severity: 'moderate',
496 silly audit report       vulnerable_versions: '<=6.4.2',
496 silly audit report       cwe: [Array],
496 silly audit report       cvss: [Object]
496 silly audit report     },
496 silly audit report     {
496 silly audit report       id: 1116229,
496 silly audit report       url: 'https://github.com/advisories/GHSA-4w7w-66w2-5vf9',
496 silly audit report       title: 'Vite Vulnerable to Path Traversal in Optimized Deps `.map` Handling',
496 silly audit report       severity: 'moderate',
496 silly audit report       vulnerable_versions: '<=6.4.1',
496 silly audit report       cwe: [Array],
496 silly audit report       cvss: [Object]
496 silly audit report     },
496 silly audit report     {
496 silly audit report       id: 1116234,
496 silly audit report       url: 'https://github.com/advisories/GHSA-p9ff-h696-f583',
496 silly audit report       title: 'Vite Vulnerable to Arbitrary File Read via Vite Dev Server WebSocket',
496 silly audit report       severity: 'high',
496 silly audit report       vulnerable_versions: '>=6.0.0 <=6.4.1',
496 silly audit report       cwe: [Array],
496 silly audit report       cvss: [Object]
496 silly audit report     },
496 silly audit report     {
496 silly audit report       id: 1123525,
496 silly audit report       url: 'https://github.com/advisories/GHSA-fx2h-pf6j-xcff',
496 silly audit report       title: 'vite: `server.fs.deny` bypass on Windows alternate paths',
496 silly audit report       severity: 'high',
496 silly audit report       vulnerable_versions: '<=6.4.2',
496 silly audit report       cwe: [Array],
496 silly audit report       cvss: [Object]
496 silly audit report     }
496 silly audit report   ]
496 silly audit report }
497 silly packumentCache corgi:https://registry.npmjs.org/@babel%2fcore cache-miss
498 silly packumentCache corgi:https://registry.npmjs.org/astro cache-miss
499 silly packumentCache corgi:https://registry.npmjs.org/devalue cache-miss
500 silly packumentCache corgi:https://registry.npmjs.org/esbuild cache-miss
501 silly packumentCache corgi:https://registry.npmjs.org/js-yaml cache-miss
502 silly packumentCache corgi:https://registry.npmjs.org/postcss cache-miss
503 silly packumentCache corgi:https://registry.npmjs.org/sharp cache-miss
504 silly packumentCache corgi:https://registry.npmjs.org/svgo cache-miss
505 silly packumentCache corgi:https://registry.npmjs.org/vite cache-miss
506 http fetch GET 200 https://registry.npmjs.org/esbuild 849ms (cache revalidated)
507 silly packumentCache corgi:https://registry.npmjs.org/esbuild set size:887361 disposed:false
508 http fetch GET 200 https://registry.npmjs.org/astro 1120ms (cache revalidated)
509 silly packumentCache corgi:https://registry.npmjs.org/astro set size:4488658 disposed:false
510 http fetch GET 200 https://registry.npmjs.org/postcss 1394ms (cache revalidated)
511 silly packumentCache corgi:https://registry.npmjs.org/postcss set size:354683 disposed:false
512 http fetch GET 200 https://registry.npmjs.org/@babel%2fcore 1419ms (cache revalidated)
513 silly packumentCache corgi:https://registry.npmjs.org/@babel%2fcore set size:422446 disposed:false
514 http fetch GET 200 https://registry.npmjs.org/vite 1451ms (cache revalidated)
515 silly packumentCache corgi:https://registry.npmjs.org/vite set size:2291880 disposed:false
516 http fetch GET 200 https://registry.npmjs.org/sharp 1558ms (cache revalidated)
517 silly packumentCache corgi:https://registry.npmjs.org/sharp set size:291503 disposed:false
518 http fetch GET 200 https://registry.npmjs.org/js-yaml 1572ms (cache revalidated)
519 silly packumentCache corgi:https://registry.npmjs.org/js-yaml set size:70542 disposed:false
520 http fetch GET 200 https://registry.npmjs.org/devalue 1578ms (cache revalidated)
521 silly packumentCache corgi:https://registry.npmjs.org/devalue set size:50546 disposed:false
522 http fetch GET 200 https://registry.npmjs.org/svgo 1575ms (cache revalidated)
523 silly packumentCache corgi:https://registry.npmjs.org/svgo set size:142403 disposed:false
524 silly packumentCache corgi:https://registry.npmjs.org/@babel%2fhelper-module-transforms cache-miss
525 silly packumentCache corgi:https://registry.npmjs.org/@babel%2fplugin-transform-react-jsx-self cache-miss
526 silly packumentCache corgi:https://registry.npmjs.org/@babel%2fplugin-transform-react-jsx-source cache-miss
527 silly packumentCache corgi:https://registry.npmjs.org/@vitejs%2fplugin-react cache-miss
528 http fetch GET 200 https://registry.npmjs.org/@babel%2fhelper-module-transforms 328ms (cache revalidated)
529 silly packumentCache corgi:https://registry.npmjs.org/@babel%2fhelper-module-transforms set size:187739 disposed:false
530 http fetch GET 200 https://registry.npmjs.org/@babel%2fplugin-transform-react-jsx-source 338ms (cache revalidated)
531 silly packumentCache corgi:https://registry.npmjs.org/@babel%2fplugin-transform-react-jsx-source set size:109784 disposed:false
532 http fetch GET 200 https://registry.npmjs.org/@vitejs%2fplugin-react 350ms (cache revalidated)
533 silly packumentCache corgi:https://registry.npmjs.org/@vitejs%2fplugin-react set size:117751 disposed:false
534 http fetch GET 200 https://registry.npmjs.org/@babel%2fplugin-transform-react-jsx-self 364ms (cache revalidated)
535 silly packumentCache corgi:https://registry.npmjs.org/@babel%2fplugin-transform-react-jsx-self set size:106765 disposed:false
536 silly packumentCache corgi:https://registry.npmjs.org/@astrojs%2ftailwind cache-miss
537 http fetch GET 200 https://registry.npmjs.org/@astrojs%2ftailwind 1301ms (cache revalidated)
538 silly packumentCache corgi:https://registry.npmjs.org/@astrojs%2ftailwind set size:98432 disposed:false
539 silly packumentCache corgi:https://registry.npmjs.org/@astrojs%2fmarkdown-remark cache-miss
540 http fetch GET 200 https://registry.npmjs.org/d3-shape/-/d3-shape-3.2.0.tgz 6300ms (cache miss)
541 http fetch GET 200 https://registry.npmjs.org/@astrojs%2fmarkdown-remark 882ms (cache revalidated)
542 silly packumentCache corgi:https://registry.npmjs.org/@astrojs%2fmarkdown-remark set size:323754 disposed:false
543 silly packumentCache corgi:https://registry.npmjs.org/autoprefixer cache-miss
544 silly packumentCache corgi:https://registry.npmjs.org/postcss-import cache-miss
545 silly packumentCache corgi:https://registry.npmjs.org/postcss-js cache-miss
546 silly packumentCache corgi:https://registry.npmjs.org/postcss-load-config cache-miss
547 silly packumentCache corgi:https://registry.npmjs.org/postcss-nested cache-miss
548 silly packumentCache corgi:https://registry.npmjs.org/tailwindcss cache-miss
549 http fetch GET 200 https://registry.npmjs.org/postcss-load-config 201ms (cache revalidated)
550 silly packumentCache corgi:https://registry.npmjs.org/postcss-load-config set size:37999 disposed:false
551 http fetch GET 200 https://registry.npmjs.org/postcss-import 211ms (cache revalidated)
552 silly packumentCache corgi:https://registry.npmjs.org/postcss-import set size:52251 disposed:false
553 http fetch GET 200 https://registry.npmjs.org/autoprefixer 218ms (cache revalidated)
554 silly packumentCache corgi:https://registry.npmjs.org/autoprefixer set size:303229 disposed:false
555 http fetch GET 200 https://registry.npmjs.org/postcss-js 225ms (cache revalidated)
556 silly packumentCache corgi:https://registry.npmjs.org/postcss-js set size:25314 disposed:false
557 http fetch GET 200 https://registry.npmjs.org/postcss-nested 226ms (cache revalidated)
558 silly packumentCache corgi:https://registry.npmjs.org/postcss-nested set size:43577 disposed:false
559 http fetch GET 200 https://registry.npmjs.org/tailwindcss 243ms (cache revalidated)
560 silly packumentCache corgi:https://registry.npmjs.org/tailwindcss set size:4782749 disposed:false
561 silly packumentCache corgi:https://registry.npmjs.org/@astrojs%2freact cache-miss
562 silly packumentCache corgi:https://registry.npmjs.org/vitefu cache-miss
563 http fetch GET 200 https://registry.npmjs.org/vitefu 666ms (cache revalidated)
564 silly packumentCache corgi:https://registry.npmjs.org/vitefu set size:22407 disposed:false
565 http fetch GET 200 https://registry.npmjs.org/@astrojs%2freact 789ms (cache revalidated)
566 silly packumentCache corgi:https://registry.npmjs.org/@astrojs%2freact set size:224959 disposed:false
567 http fetch GET 200 https://registry.npmjs.org/typescript/-/typescript-5.9.3.tgz 9340ms (cache miss)
568 info run sharp@0.34.5 install node_modules/sharp node install/check.js || npm run build
569 info run sharp@0.34.5 install { code: 0, signal: null }
570 info run esbuild@0.27.5 postinstall node_modules/esbuild node install.js
571 info run esbuild@0.25.12 postinstall node_modules/vite/node_modules/esbuild node install.js
572 info run esbuild@0.27.5 postinstall { code: 0, signal: null }
573 info run esbuild@0.25.12 postinstall { code: 0, signal: null }
574 silly ADD node_modules/typescript
575 silly ADD node_modules/zwitch
576 silly ADD node_modules/zustand
577 silly ADD node_modules/zod-to-ts
578 silly ADD node_modules/zod-to-json-schema
579 silly ADD node_modules/zod
580 silly ADD node_modules/yoctocolors
581 silly ADD node_modules/yocto-spinner
582 silly ADD node_modules/yocto-queue
583 silly ADD node_modules/yargs-parser
584 silly ADD node_modules/yaml
585 silly ADD node_modules/yallist
586 silly ADD node_modules/xxhash-wasm
587 silly ADD node_modules/wrap-ansi
588 silly ADD node_modules/widest-line
589 silly ADD node_modules/which-pm-runs
590 silly ADD node_modules/web-namespaces
591 silly ADD node_modules/vitefu
592 silly ADD node_modules/vite
593 silly ADD node_modules/vite/node_modules/esbuild
594 silly ADD node_modules/vite/node_modules/@esbuild/win32-x64
595 silly ADD node_modules/victory-vendor
596 silly ADD node_modules/vfile-message
597 silly ADD node_modules/vfile-location
598 silly ADD node_modules/vfile
599 silly ADD node_modules/util-deprecate
600 silly ADD node_modules/use-sync-external-store
601 silly ADD node_modules/update-browserslist-db
602 silly ADD node_modules/unstorage
603 silly ADD node_modules/unstorage/node_modules/lru-cache
604 silly ADD node_modules/unist-util-visit-parents
605 silly ADD node_modules/unist-util-visit-children
606 silly ADD node_modules/unist-util-visit
607 silly ADD node_modules/unist-util-stringify-position
608 silly ADD node_modules/unist-util-remove-position
609 silly ADD node_modules/unist-util-position
610 silly ADD node_modules/unist-util-modify-children
611 silly ADD node_modules/unist-util-is
612 silly ADD node_modules/unist-util-find-after
613 silly ADD node_modules/unifont
614 silly ADD node_modules/unified
615 silly ADD node_modules/uncrypto
616 silly ADD node_modules/ultrahtml
617 silly ADD node_modules/ufo
618 silly ADD node_modules/type-fest
619 silly ADD node_modules/tslib
620 silly ADD node_modules/tsconfck
621 silly ADD node_modules/ts-interface-checker
622 silly ADD node_modules/trough
623 silly ADD node_modules/trim-lines
624 silly ADD node_modules/to-regex-range
625 silly ADD node_modules/tinyglobby
626 silly ADD node_modules/tinyexec
627 silly ADD node_modules/tiny-invariant
628 silly ADD node_modules/tiny-inflate
629 silly ADD node_modules/thenify-all
630 silly ADD node_modules/thenify
631 silly ADD node_modules/tailwindcss
632 silly ADD node_modules/tailwindcss/node_modules/readdirp
633 silly ADD node_modules/tailwindcss/node_modules/picomatch
634 silly ADD node_modules/tailwindcss/node_modules/jiti
635 silly ADD node_modules/tailwindcss/node_modules/chokidar
636 silly ADD node_modules/tailwindcss/node_modules/chokidar/node_modules/glob-parent
637 silly ADD node_modules/tailwind-merge
638 silly ADD node_modules/svgo
639 silly ADD node_modules/supports-preserve-symlinks-flag
640 silly ADD node_modules/sucrase
641 silly ADD node_modules/sucrase/node_modules/commander
642 silly ADD node_modules/strip-ansi
643 silly ADD node_modules/stringify-entities
644 silly ADD node_modules/string-width
645 silly ADD node_modules/space-separated-tokens
646 silly ADD node_modules/source-map-js
647 silly ADD node_modules/smol-toml
648 silly ADD node_modules/sisteransi
649 silly ADD node_modules/shiki
650 silly ADD node_modules/sharp
651 silly ADD node_modules/sharp/node_modules/semver
652 silly ADD node_modules/semver
653 silly ADD node_modules/scheduler
654 silly ADD node_modules/sax
655 silly ADD node_modules/run-parallel
656 silly ADD node_modules/rollup
657 silly ADD node_modules/reusify
658 silly ADD node_modules/retext-stringify
659 silly ADD node_modules/retext-smartypants
660 silly ADD node_modules/retext-latin
661 silly ADD node_modules/retext
662 silly ADD node_modules/resolve
663 silly ADD node_modules/remark-stringify
664 silly ADD node_modules/remark-smartypants
665 silly ADD node_modules/remark-rehype
666 silly ADD node_modules/remark-parse
667 silly ADD node_modules/remark-gfm
668 silly ADD node_modules/rehype-stringify
669 silly ADD node_modules/rehype-raw
670 silly ADD node_modules/rehype-parse
671 silly ADD node_modules/rehype
672 silly ADD node_modules/regex-utilities
673 silly ADD node_modules/regex-recursion
674 silly ADD node_modules/regex
675 silly ADD node_modules/recharts-scale
676 silly ADD node_modules/recharts
677 silly ADD node_modules/recharts/node_modules/eventemitter3
678 silly ADD node_modules/readdirp
679 silly ADD node_modules/read-cache
680 silly ADD node_modules/reactflow
681 silly ADD node_modules/react-transition-group
682 silly ADD node_modules/react-smooth
683 silly ADD node_modules/react-refresh
684 silly ADD node_modules/react-is
685 silly ADD node_modules/react-dom
686 silly ADD node_modules/react
687 silly ADD node_modules/radix3
688 silly ADD node_modules/queue-microtask
689 silly ADD node_modules/property-information
690 silly ADD node_modules/prop-types
691 silly ADD node_modules/prop-types/node_modules/react-is
692 silly ADD node_modules/prompts
693 silly ADD node_modules/prompts/node_modules/kleur
694 silly ADD node_modules/prismjs
695 silly ADD node_modules/postcss-value-parser
696 silly ADD node_modules/postcss-selector-parser
697 silly ADD node_modules/postcss-nested
698 silly ADD node_modules/postcss-load-config
699 silly ADD node_modules/postcss-js
700 silly ADD node_modules/postcss-import
701 silly ADD node_modules/postcss
702 silly ADD node_modules/pirates
703 silly ADD node_modules/pify
704 silly ADD node_modules/picomatch
705 silly ADD node_modules/picocolors
706 silly ADD node_modules/piccolore
707 silly ADD node_modules/path-parse
708 silly ADD node_modules/parse5
709 silly ADD node_modules/parse5/node_modules/entities
710 silly ADD node_modules/parse-latin
711 silly ADD node_modules/package-manager-detector
712 silly ADD node_modules/p-timeout
713 silly ADD node_modules/p-queue
714 silly ADD node_modules/p-limit
715 silly ADD node_modules/oniguruma-to-es
716 silly ADD node_modules/oniguruma-parser
717 silly ADD node_modules/ohash
718 silly ADD node_modules/ofetch
719 silly ADD node_modules/object-hash
720 silly ADD node_modules/object-assign
721 silly ADD node_modules/nth-check
722 silly ADD node_modules/normalize-path
723 silly ADD node_modules/node-releases
724 silly ADD node_modules/node-mock-http
725 silly ADD node_modules/node-fetch-native
726 silly ADD node_modules/nlcst-to-string
727 silly ADD node_modules/neotraverse
728 silly ADD node_modules/nanostores
729 silly ADD node_modules/nanoid
730 silly ADD node_modules/mz
731 silly ADD node_modules/ms
732 silly ADD node_modules/mrmime
733 silly ADD node_modules/motion-utils
734 silly ADD node_modules/motion-dom
735 silly ADD node_modules/micromatch
736 silly ADD node_modules/micromatch/node_modules/picomatch
737 silly ADD node_modules/micromark-util-types
738 silly ADD node_modules/micromark-util-symbol
739 silly ADD node_modules/micromark-util-subtokenize
740 silly ADD node_modules/micromark-util-sanitize-uri
741 silly ADD node_modules/micromark-util-resolve-all
742 silly ADD node_modules/micromark-util-normalize-identifier
743 silly ADD node_modules/micromark-util-html-tag-name
744 silly ADD node_modules/micromark-util-encode
745 silly ADD node_modules/micromark-util-decode-string
746 silly ADD node_modules/micromark-util-decode-numeric-character-reference
747 silly ADD node_modules/micromark-util-combine-extensions
748 silly ADD node_modules/micromark-util-classify-character
749 silly ADD node_modules/micromark-util-chunked
750 silly ADD node_modules/micromark-util-character
751 silly ADD node_modules/micromark-factory-whitespace
752 silly ADD node_modules/micromark-factory-title
753 silly ADD node_modules/micromark-factory-space
754 silly ADD node_modules/micromark-factory-label
755 silly ADD node_modules/micromark-factory-destination
756 silly ADD node_modules/micromark-extension-gfm-task-list-item
757 silly ADD node_modules/micromark-extension-gfm-tagfilter
758 silly ADD node_modules/micromark-extension-gfm-table
759 silly ADD node_modules/micromark-extension-gfm-strikethrough
760 silly ADD node_modules/micromark-extension-gfm-footnote
761 silly ADD node_modules/micromark-extension-gfm-autolink-literal
762 silly ADD node_modules/micromark-extension-gfm
763 silly ADD node_modules/micromark-core-commonmark
764 silly ADD node_modules/micromark
765 silly ADD node_modules/merge2
766 silly ADD node_modules/mdn-data
767 silly ADD node_modules/mdast-util-to-string
768 silly ADD node_modules/mdast-util-to-markdown
769 silly ADD node_modules/mdast-util-to-hast
770 silly ADD node_modules/mdast-util-phrasing
771 silly ADD node_modules/mdast-util-gfm-task-list-item
772 silly ADD node_modules/mdast-util-gfm-table
773 silly ADD node_modules/mdast-util-gfm-strikethrough
774 silly ADD node_modules/mdast-util-gfm-footnote
775 silly ADD node_modules/mdast-util-gfm-autolink-literal
776 silly ADD node_modules/mdast-util-gfm
777 silly ADD node_modules/mdast-util-from-markdown
778 silly ADD node_modules/mdast-util-find-and-replace
779 silly ADD node_modules/mdast-util-definitions
780 silly ADD node_modules/markdown-table
781 silly ADD node_modules/magicast
782 silly ADD node_modules/magic-string
783 silly ADD node_modules/lucide-react
784 silly ADD node_modules/lru-cache
785 silly ADD node_modules/loose-envify
786 silly ADD node_modules/longest-streak
787 silly ADD node_modules/lodash
788 silly ADD node_modules/lines-and-columns
789 silly ADD node_modules/lilconfig
790 silly ADD node_modules/json5
791 silly ADD node_modules/jsesc
792 silly ADD node_modules/js-yaml
793 silly ADD node_modules/js-tokens
794 silly ADD node_modules/is-wsl
795 silly ADD node_modules/is-plain-obj
796 silly ADD node_modules/is-number
797 silly ADD node_modules/is-inside-container
798 silly ADD node_modules/is-glob
799 silly ADD node_modules/is-fullwidth-code-point
800 silly ADD node_modules/is-extglob
801 silly ADD node_modules/is-docker
802 silly ADD node_modules/is-core-module
803 silly ADD node_modules/is-binary-path
804 silly ADD node_modules/iron-webcrypto
805 silly ADD node_modules/internmap
806 silly ADD node_modules/import-meta-resolve
807 silly ADD node_modules/http-cache-semantics
808 silly ADD node_modules/html-void-elements
809 silly ADD node_modules/html-escaper
810 silly ADD node_modules/hastscript
811 silly ADD node_modules/hast-util-whitespace
812 silly ADD node_modules/hast-util-to-text
813 silly ADD node_modules/hast-util-to-parse5
814 silly ADD node_modules/hast-util-to-html
815 silly ADD node_modules/hast-util-raw
816 silly ADD node_modules/hast-util-parse-selector
817 silly ADD node_modules/hast-util-is-element
818 silly ADD node_modules/hast-util-from-parse5
819 silly ADD node_modules/hast-util-from-html
820 silly ADD node_modules/hasown
821 silly ADD node_modules/h3
822 silly ADD node_modules/glob-parent
823 silly ADD node_modules/github-slugger
824 silly ADD node_modules/get-east-asian-width
825 silly ADD node_modules/gensync
826 silly ADD node_modules/function-bind
827 silly ADD node_modules/framer-motion
828 silly ADD node_modules/fraction.js
829 silly ADD node_modules/fontkitten
830 silly ADD node_modules/fontace
831 silly ADD node_modules/flattie
832 silly ADD node_modules/fill-range
833 silly ADD node_modules/fdir
834 silly ADD node_modules/fastq
835 silly ADD node_modules/fast-glob
836 silly ADD node_modules/fast-glob/node_modules/glob-parent
837 silly ADD node_modules/fast-equals
838 silly ADD node_modules/extend
839 silly ADD node_modules/eventemitter3
840 silly ADD node_modules/estree-walker
841 silly ADD node_modules/escape-string-regexp
842 silly ADD node_modules/escalade
843 silly ADD node_modules/esbuild
844 silly ADD node_modules/es-module-lexer
845 silly ADD node_modules/emoji-regex
846 silly ADD node_modules/electron-to-chromium
847 silly ADD node_modules/dset
848 silly ADD node_modules/domutils
849 silly ADD node_modules/domhandler
850 silly ADD node_modules/domelementtype
851 silly ADD node_modules/dom-serializer
852 silly ADD node_modules/dom-serializer/node_modules/entities
853 silly ADD node_modules/dom-helpers
854 silly ADD node_modules/dlv
855 silly ADD node_modules/diff
856 silly ADD node_modules/didyoumean
857 silly ADD node_modules/devlop
858 silly ADD node_modules/devalue
859 silly ADD node_modules/deterministic-object-hash
860 silly ADD node_modules/detect-libc
861 silly ADD node_modules/destr
862 silly ADD node_modules/dequal
863 silly ADD node_modules/defu
864 silly ADD node_modules/decode-named-character-reference
865 silly ADD node_modules/decimal.js-light
866 silly ADD node_modules/debug
867 silly ADD node_modules/d3-zoom
868 silly ADD node_modules/d3-transition
869 silly ADD node_modules/d3-timer
870 silly ADD node_modules/d3-time-format
871 silly ADD node_modules/d3-time
872 silly ADD node_modules/d3-shape
873 silly ADD node_modules/d3-selection
874 silly ADD node_modules/d3-scale
875 silly ADD node_modules/d3-path
876 silly ADD node_modules/d3-interpolate
877 silly ADD node_modules/d3-format
878 silly ADD node_modules/d3-ease
879 silly ADD node_modules/d3-drag
880 silly ADD node_modules/d3-dispatch
881 silly ADD node_modules/d3-color
882 silly ADD node_modules/d3-array
883 silly ADD node_modules/csstype
884 silly ADD node_modules/csso
885 silly ADD node_modules/csso/node_modules/mdn-data
886 silly ADD node_modules/csso/node_modules/css-tree
887 silly ADD node_modules/cssesc
888 silly ADD node_modules/css-what
889 silly ADD node_modules/css-tree
890 silly ADD node_modules/css-select
891 silly ADD node_modules/crossws
892 silly ADD node_modules/cookie-es
893 silly ADD node_modules/cookie
894 silly ADD node_modules/convert-source-map
895 silly ADD node_modules/common-ancestor-path
896 silly ADD node_modules/commander
897 silly ADD node_modules/comma-separated-tokens
898 silly ADD node_modules/clsx
899 silly ADD node_modules/cli-boxes
900 silly ADD node_modules/classcat
901 silly ADD node_modules/ci-info
902 silly ADD node_modules/chokidar
903 silly ADD node_modules/character-entities-legacy
904 silly ADD node_modules/character-entities-html4
905 silly ADD node_modules/character-entities
906 silly ADD node_modules/chalk
907 silly ADD node_modules/ccount
908 silly ADD node_modules/caniuse-lite
909 silly ADD node_modules/camelcase-css
910 silly ADD node_modules/camelcase
911 silly ADD node_modules/browserslist
912 silly ADD node_modules/braces
913 silly ADD node_modules/boxen
914 silly ADD node_modules/boolbase
915 silly ADD node_modules/binary-extensions
916 silly ADD node_modules/baseline-browser-mapping
917 silly ADD node_modules/base-64
918 silly ADD node_modules/bail
919 silly ADD node_modules/axobject-query
920 silly ADD node_modules/autoprefixer
921 silly ADD node_modules/astro
922 silly ADD node_modules/astro/node_modules/semver
923 silly ADD node_modules/astro/node_modules/estree-walker
924 silly ADD node_modules/array-iterate
925 silly ADD node_modules/aria-query
926 silly ADD node_modules/argparse
927 silly ADD node_modules/arg
928 silly ADD node_modules/anymatch
929 silly ADD node_modules/anymatch/node_modules/picomatch
930 silly ADD node_modules/any-promise
931 silly ADD node_modules/ansi-styles
932 silly ADD node_modules/ansi-regex
933 silly ADD node_modules/ansi-align
934 silly ADD node_modules/ansi-align/node_modules/strip-ansi
935 silly ADD node_modules/ansi-align/node_modules/string-width
936 silly ADD node_modules/ansi-align/node_modules/emoji-regex
937 silly ADD node_modules/ansi-align/node_modules/ansi-regex
938 silly ADD node_modules/acorn
939 silly ADD node_modules/@vitejs/plugin-react
940 silly ADD node_modules/@ungap/structured-clone
941 silly ADD node_modules/@types/unist
942 silly ADD node_modules/@types/react-dom
943 silly ADD node_modules/@types/react
944 silly ADD node_modules/@types/prop-types
945 silly ADD node_modules/@types/nlcst
946 silly ADD node_modules/@types/ms
947 silly ADD node_modules/@types/mdast
948 silly ADD node_modules/@types/hast
949 silly ADD node_modules/@types/geojson
950 silly ADD node_modules/@types/estree
951 silly ADD node_modules/@types/debug
952 silly ADD node_modules/@types/d3-zoom
953 silly ADD node_modules/@types/d3-transition
954 silly ADD node_modules/@types/d3-timer
955 silly ADD node_modules/@types/d3-time-format
956 silly ADD node_modules/@types/d3-time
957 silly ADD node_modules/@types/d3-shape
958 silly ADD node_modules/@types/d3-selection
959 silly ADD node_modules/@types/d3-scale-chromatic
960 silly ADD node_modules/@types/d3-scale
961 silly ADD node_modules/@types/d3-random
962 silly ADD node_modules/@types/d3-quadtree
963 silly ADD node_modules/@types/d3-polygon
964 silly ADD node_modules/@types/d3-path
965 silly ADD node_modules/@types/d3-interpolate
966 silly ADD node_modules/@types/d3-hierarchy
967 silly ADD node_modules/@types/d3-geo
968 silly ADD node_modules/@types/d3-format
969 silly ADD node_modules/@types/d3-force
970 silly ADD node_modules/@types/d3-fetch
971 silly ADD node_modules/@types/d3-ease
972 silly ADD node_modules/@types/d3-dsv
973 silly ADD node_modules/@types/d3-drag
974 silly ADD node_modules/@types/d3-dispatch
975 silly ADD node_modules/@types/d3-delaunay
976 silly ADD node_modules/@types/d3-contour
977 silly ADD node_modules/@types/d3-color
978 silly ADD node_modules/@types/d3-chord
979 silly ADD node_modules/@types/d3-brush
980 silly ADD node_modules/@types/d3-axis
981 silly ADD node_modules/@types/d3-array
982 silly ADD node_modules/@types/d3
983 silly ADD node_modules/@types/babel__traverse
984 silly ADD node_modules/@types/babel__template
985 silly ADD node_modules/@types/babel__generator
986 silly ADD node_modules/@types/babel__core
987 silly ADD node_modules/@shikijs/vscode-textmate
988 silly ADD node_modules/@shikijs/types
989 silly ADD node_modules/@shikijs/themes
990 silly ADD node_modules/@shikijs/langs
991 silly ADD node_modules/@shikijs/engine-oniguruma
992 silly ADD node_modules/@shikijs/engine-javascript
993 silly ADD node_modules/@shikijs/core
994 silly ADD node_modules/@rollup/rollup-win32-x64-msvc
995 silly ADD node_modules/@rollup/rollup-win32-x64-gnu
996 silly ADD node_modules/@rollup/pluginutils
997 silly ADD node_modules/@rolldown/pluginutils
998 silly ADD node_modules/@reactflow/node-toolbar
999 silly ADD node_modules/@reactflow/node-resizer
1000 silly ADD node_modules/@reactflow/minimap
1001 silly ADD node_modules/@reactflow/core
1002 silly ADD node_modules/@reactflow/controls
1003 silly ADD node_modules/@reactflow/background
1004 silly ADD node_modules/@oslojs/encoding
1005 silly ADD node_modules/@nodelib/fs.walk
1006 silly ADD node_modules/@nodelib/fs.stat
1007 silly ADD node_modules/@nodelib/fs.scandir
1008 silly ADD node_modules/@nanostores/react
1009 silly ADD node_modules/@jridgewell/trace-mapping
1010 silly ADD node_modules/@jridgewell/sourcemap-codec
1011 silly ADD node_modules/@jridgewell/resolve-uri
1012 silly ADD node_modules/@jridgewell/remapping
1013 silly ADD node_modules/@jridgewell/gen-mapping
1014 silly ADD node_modules/@img/sharp-win32-x64
1015 silly ADD node_modules/@img/colour
1016 silly ADD node_modules/@esbuild/win32-x64
1017 silly ADD node_modules/@capsizecss/unpack
1018 silly ADD node_modules/@babel/types
1019 silly ADD node_modules/@babel/traverse
1020 silly ADD node_modules/@babel/template
1021 silly ADD node_modules/@babel/runtime
1022 silly ADD node_modules/@babel/plugin-transform-react-jsx-source
1023 silly ADD node_modules/@babel/plugin-transform-react-jsx-self
1024 silly ADD node_modules/@babel/parser
1025 silly ADD node_modules/@babel/helpers
1026 silly ADD node_modules/@babel/helper-validator-option
1027 silly ADD node_modules/@babel/helper-validator-identifier
1028 silly ADD node_modules/@babel/helper-string-parser
1029 silly ADD node_modules/@babel/helper-plugin-utils
1030 silly ADD node_modules/@babel/helper-module-transforms
1031 silly ADD node_modules/@babel/helper-module-imports
1032 silly ADD node_modules/@babel/helper-globals
1033 silly ADD node_modules/@babel/helper-compilation-targets
1034 silly ADD node_modules/@babel/generator
1035 silly ADD node_modules/@babel/core
1036 silly ADD node_modules/@babel/compat-data
1037 silly ADD node_modules/@babel/code-frame
1038 silly ADD node_modules/@astrojs/telemetry
1039 silly ADD node_modules/@astrojs/tailwind
1040 silly ADD node_modules/@astrojs/react
1041 silly ADD node_modules/@astrojs/prism
1042 silly ADD node_modules/@astrojs/markdown-remark
1043 silly ADD node_modules/@astrojs/internal-helpers
1044 silly ADD node_modules/@astrojs/compiler
1045 silly ADD node_modules/@alloc/quick-lru
1046 verbose cwd D:\BPA-main
1047 verbose os Windows_NT 10.0.26200
1048 verbose node v20.19.4
1049 verbose npm  v11.14.1
1050 verbose exit 0
1051 info ok
